-- phpMyAdmin SQL Dump
-- version 5.2.0
-- https://www.phpmyadmin.net/
--
-- Máy chủ: 127.0.0.1
-- Thời gian đã tạo: Th10 06, 2023 lúc 01:18 PM
-- Phiên bản máy phục vụ: 10.4.27-MariaDB
-- Phiên bản PHP: 8.2.0

SET SQL_MODE = "NO_AUTO_VALUE_ON_ZERO";
START TRANSACTION;
SET time_zone = "+00:00";


/*!40101 SET @OLD_CHARACTER_SET_CLIENT=@@CHARACTER_SET_CLIENT */;
/*!40101 SET @OLD_CHARACTER_SET_RESULTS=@@CHARACTER_SET_RESULTS */;
/*!40101 SET @OLD_COLLATION_CONNECTION=@@COLLATION_CONNECTION */;
/*!40101 SET NAMES utf8mb4 */;

--
-- Cơ sở dữ liệu: `land`
--

-- --------------------------------------------------------

--
-- Cấu trúc bảng cho bảng `tbl_account`
--

CREATE TABLE `tbl_account` (
  `phone_number` int(11) NOT NULL,
  `password` varchar(10) NOT NULL,
  `name` varchar(50) NOT NULL,
  `message_id` int(11) DEFAULT floor(rand() * 900000 + 100000)
) ENGINE=InnoDB DEFAULT CHARSET=utf8 COLLATE=utf8_general_ci;

--
-- Đang đổ dữ liệu cho bảng `tbl_account`
--

INSERT INTO `tbl_account` (`phone_number`, `password`, `name`, `message_id`) VALUES
(373475903, '123', 'Sunshine', 44857),
(522452021, '123', 'Rebel', 35130),
(768614693, '123', 'Sweetie', 41078),
(902514989, '123', 'Sparky', 63052),
(904789542, '123', 'Buddy', 76767),
(913756723, '123', 'Ace', 83836),
(937930354, '123', 'Rockstar', 88880),
(939555695, '123', 'Pal', 92890),
(969255105, '123', 'Angel', 97813),
(972935963, '123', 'Champ', 10397);

-- --------------------------------------------------------

--
-- Cấu trúc bảng cho bảng `tbl_admin`
--

CREATE TABLE `tbl_admin` (
  `admin_id` int(11) NOT NULL,
  `user` varchar(10) NOT NULL,
  `pass` varchar(50) NOT NULL
) ENGINE=InnoDB DEFAULT CHARSET=utf8 COLLATE=utf8_general_ci;

--
-- Đang đổ dữ liệu cho bảng `tbl_admin`
--

INSERT INTO `tbl_admin` (`admin_id`, `user`, `pass`) VALUES
(1, 'ad', '202cb962ac59075b964b07152d234b70');

-- --------------------------------------------------------

--
-- Cấu trúc bảng cho bảng `tbl_area`
--

CREATE TABLE `tbl_area` (
  `area_name` varchar(50) NOT NULL,
  `area_code` int(11) NOT NULL
) ENGINE=InnoDB DEFAULT CHARSET=utf8mb4 COLLATE=utf8mb4_general_ci;

--
-- Đang đổ dữ liệu cho bảng `tbl_area`
--

INSERT INTO `tbl_area` (`area_name`, `area_code`) VALUES
('Quận 1', 1),
('Quận 2', 2),
('Quận 3', 3),
('Quận 4', 4),
('Quận 5', 5),
('Quận 6', 6),
('Quận 7', 7),
('Quận 8', 8),
('Quận 9', 9),
('Quận 10', 10),
('Quận 11', 11),
('Quận 12', 12),
('Quận Bình Thạnh', 13),
('Quận Thủ Đức', 14),
('Quận Gò Vấp', 15),
('Quận Phú Nhuận', 16),
('Quận Tân Bình', 17),
('Quận Tân Phú', 18),
('Quận Bình Tân', 19),
('Huyện Nhà Bè', 20),
('Huyện Hóc Môn', 21),
('Huyện Bình Chánh', 22),
('Huyện Củ Chi', 23),
('Huyện Cần Giờ', 24);

-- --------------------------------------------------------

--
-- Cấu trúc bảng cho bảng `tbl_business`
--

CREATE TABLE `tbl_business` (
  `business_code` int(11) NOT NULL,
  `business_name` varchar(20) NOT NULL
) ENGINE=InnoDB DEFAULT CHARSET=utf8 COLLATE=utf8_general_ci;

--
-- Đang đổ dữ liệu cho bảng `tbl_business`
--

INSERT INTO `tbl_business` (`business_code`, `business_name`) VALUES
(1, 'Mua Bán'),
(2, 'Cho Thuê');

-- --------------------------------------------------------

--
-- Cấu trúc bảng cho bảng `tbl_category`
--

CREATE TABLE `tbl_category` (
  `category_code` int(11) NOT NULL,
  `category_name` varchar(20) NOT NULL
) ENGINE=InnoDB DEFAULT CHARSET=utf8 COLLATE=utf8_general_ci;

--
-- Đang đổ dữ liệu cho bảng `tbl_category`
--

INSERT INTO `tbl_category` (`category_code`, `category_name`) VALUES
(1, 'Đất'),
(2, 'Nhà'),
(3, 'Chung Cư'),
(4, 'Mặt Bằng');

-- --------------------------------------------------------

--
-- Cấu trúc bảng cho bảng `tbl_favorite`
--

CREATE TABLE `tbl_favorite` (
  `favorite_code` int(11) NOT NULL,
  `information_code` int(11) NOT NULL,
  `phone_number` int(11) NOT NULL
) ENGINE=InnoDB DEFAULT CHARSET=utf8 COLLATE=utf8_general_ci;

--
-- Đang đổ dữ liệu cho bảng `tbl_favorite`
--

INSERT INTO `tbl_favorite` (`favorite_code`, `information_code`, `phone_number`) VALUES
(2, 200, 373475903);

-- --------------------------------------------------------

--
-- Cấu trúc bảng cho bảng `tbl_information`
--

CREATE TABLE `tbl_information` (
  `information_code` int(11) NOT NULL,
  `business_code` int(11) NOT NULL,
  `category_code` int(11) NOT NULL,
  `phone_number` int(11) NOT NULL,
  `picture` varchar(11) NOT NULL,
  `title` varchar(500) NOT NULL,
  `address` varchar(150) NOT NULL,
  `price` float NOT NULL,
  `acreage` int(11) NOT NULL,
  `width` int(11) NOT NULL,
  `length` int(11) NOT NULL,
  `room` int(11) NOT NULL,
  `date_time` varchar(7) DEFAULT date_format(current_timestamp(),'%Y-%m'),
  `description` varchar(500) NOT NULL,
  `area_code` int(11) NOT NULL
) ENGINE=InnoDB DEFAULT CHARSET=utf8 COLLATE=utf8_general_ci;

--
-- Đang đổ dữ liệu cho bảng `tbl_information`
--

INSERT INTO `tbl_information` (`information_code`, `business_code`, `category_code`, `phone_number`, `picture`, `title`, `address`, `price`, `acreage`, `width`, `length`, `room`, `date_time`, `description`, `area_code`) VALUES
(3, 1, 1, 972935963, '161.jpg', 'Về quê tôi ', 'Quốc lộ 1K, Phường Bình An', 3, 30, 30, 30, 3, '2022-01', '-Tôi cần bán căn nhà xây dựng kiên cố,bê tông,cốt thép,làm để ở nên làm bằng tâm huyết của mình nay vì gđ\r\n\r\nchuyển về quê ở phụng dưỡng Bố Mẹ lớn tuổi nên cần bán.\r\n\r\n-Nhà tôi xây tháng 2 âm lịch năm nay 2023 vừa tròn 2 tháng,nhà mới 100%,thiết bị gia dụng tôi sử dụng toàn\r\n\r\nhàng tốt,hàng có thương hiệu nên nhìn nhà rất sang trọng và hiện đại.\r\n\r\n-Nhà tôi xây dựng có thiết kế rõ ràng,công năng sử dụng tối ưu,gồm sân xe hơi', 1),
(4, 1, 1, 913756723, '162.jpg', 'NGỘP BANK (', 'Phường Tân Định, Thị xã Bến Cát', 4, 40, 40, 40, 4, '2022-02', 'Tôi Chính Chủ Bán 2 Căn Nhà liền kề, mới, đẹp, hiện đại, có thang máy, nước nóng Năng lượng mặt trời, nội thất đầy đủ hiện đại ( gia đình chuyển công tác nên muốn bán để chuyển đổi)\r\n- Mặt Tiền: Ngô Quyền, Sơn Trà, Đà Nẵng. Đường rộng 10 làn xe, có thể xây khách sạn, mở quán ăn , xe 50 chỗ đậu thoải mái.\r\n- Gần Trường Học 200m- 600m cấp 1.2.3, gần chợ mai, chợ chiều 600m, gần siêu thị coopmart, vinmart, gần ủy ban . ra bãi biển 900m. Gần Bà Linh ứng, quán Hải Sản Bé Mặn, Eo Biển nổi tiếng . Gần ', 1),
(5, 1, 1, 373475903, '163.jpg', 'cần 200tr s', '39, Ngô Quyền, Phường Thọ Quang, Quận Sơn Trà', 2.5, 40, 50, 60, 7, '2022-03', 'Nhà xây hoàn thiện 1 trệt 1 lầu đúc bê tông kiên cố trên diện tích 5 v15 =75 m2 đất ở đô thị (thổ cư).Nhà rất rộng,đẹp,yên tĩnh,an ninh,thoáng mát.bao gồm 2 phòng ngủ riêng,2 phòng khách rộng,2 phòng vệ sinh,bếp,ban công,sân....điện nước riêng biệt.Đường đi 3m.hẻm xe hơi.Tất cả sẵn sàng chi vào là ở.Giấy tờ đầy đủ có sẵn hợp lệ.(không thuộc quy hoạch,không tranh chấp...)Địa chỉ hẻm 470 đường 925 khu vực Thạnh Hưng, phường Thường Thạnh,quận Cái Răng,tp.Cần Thơ. Giá1 tỷ 150 rất phù hợp..Cảm ơn quý', 1),
(6, 1, 1, 768614693, '164.jpg', 'Bán gấp 2 c', 'Hẻm nhà trọ 470, Đường 925', 5, 40, 50, 60, 7, '2022-04', 'Mô tả:\r\n?Nhà thiết kế 3 tầng đúc BTCT gồm phòng khách, phòng bếp, 3 phòng ngủ, phòng giặc, ban công.\r\n?Vị trí ngay trung tâm gần chợ Tân Định gần mặt tiền, tương lai ra mặt tiền giá trị tăng cao.\r\n?Nhà chính chủ mấy chục năm đến nay.\r\nPhù hợp mua ở, cho thuê, đầu tư, Phụ huynh mua cho con đi học.\r\n?Khu vực rất hiếm nhà bán, chỉ 2 tỷ2 tìm nhà 3 tầng đúc Quận 1 không ra.\r\n?Giấy tờ pháp lý chuẩn, công chứng ngay.', 1),
(7, 1, 1, 937930354, '165.jpg', 'Nhà cần bán', 'Trần Khắc Chân, Phường Tân Định', 7, 40, 50, 60, 7, '2022-05', '2 MẶT HẺM XE TẢI TRƯỚC SAU - CHDV - MB+15 PHÒNG - DÒNG TIỀN THU VỀ HƠN 600TR/NĂM - 151m2 - 4 TẦNG - CHỈ 13 TỶ - BAO ĐẦU TƯ\r\n\r\n- Hẻm nhựa trước nhà 6m thẳng 1 trục, cách mặt tiền 40m, thông tứ tung. Hẻm sau 5m, sạch sẽ, an ninh.\r\n\r\n- Diện tích: 151m2 ngang 4.7m2 nở hậu 10,7m, dài 20m.\r\n\r\n- CHDV: Kết cấu 1 trệt 3 lầu. Gồm mặt bằng dưới, 15 phòng khép kín. Có dòng tiền ổn định 600tr/năm.', 1),
(8, 1, 1, 902514989, '166.jpg', '12 TỶ/CĂN, ', 'Bùi Quang Là, Phường 12', 5, 40, 50, 60, 7, '2022-06', '+ Bán Nhà Hẻm Xe Tải Tống Văn Trân, Phường 5, Quận 11, 70m2, 9 TỶ HẠ CÒN 6.3 TỶ, RẺ BẤT NGỜ, 4 Phòng\r\n\r\n------------------------------------\r\n\r\n+ Chủ Kẹt tiền cần bán gấp 6.3 tỷ thương lượng.\r\n\r\n+ Liên hệ Mr Đồng – Bất động sản. Xem và tư vấn MIỄN PHÍ, gặp CHÍNH CHỦ thương lượng giá, CAM KẾT KHÔNG KÊ GIÁ dưới mọi hình thức.\r\n\r\n* Miễn môi giới, trung gian, báo mạng.', 1),
(9, 1, 1, 969255105, '167.jpg', 'Bán biệt th', 'Tống Văn Trân, Phường 5', 3, 40, 50, 60, 7, '2022-07', 'Bán biệt thự đơn lập Verosa Park Khang Điền Quận 9 (TP. Thủ Đức) ***\r\n- Diện tích đất: 528m², ngang 20x26.\r\n- Xây 1 trệt 2 lầu, dtxd 485m².\r\n- Thiết kế mẫu được: 2 phòng khách, 1 phòng bếp, 5PN 6WC, 1 phòng thờ - phòng làm việc - phòng thư giãn - 4 sân vườn bao quanh nhà.\r\n- Pháp lý: Đã có sổ, công chứng sang tên ngay.\r\n- Hiện trạng: Hoàn thiện mặt ngoài, thô bên trong.\r\n- Tiện ích: Hồ bơi, gym, công viên đã hiện hữu và cư dân đang bắt đầu về ở.', 1),
(10, 1, 1, 522452021, '168.jpg', 'NHÀ MỚI 1 T', 'Liên Phường, Phường Phú Hữu', 6, 40, 50, 60, 7, '2022-08', 'Bán Nhà 2.5 Tầng nằm tổ 2 thanh lãm. Phường phú lãm hà đông\r\nDiện tích 37m2\r\nNgõ rộng 2m. Cách đường ô tô 80m\r\nVị trí nằm ngõ 9 thanh lãm. Gần trường mầm non. Cấp 1 2', 1),
(11, 1, 1, 904789542, '169.jpg', 'BÁN NHÀ 151', 'Đường Số 22', 8, 40, 50, 60, 7, '2022-09', '- Vị trí mặt phố ô tô tránh, ngay sát hồ Bồ Đề và chợ dân sinh, khu vực dân cư đông đúc, kinh doanh sầm uất.\r\n- Trường cấp 1,2 cách nhà 200m, trong bán kính 500m là bệnh viện Tâm Anh, Trường QT Wellsprings, công an Phường\r\n- Nhà chủ tự xây ở nên rất chắc chắn, dù ở được chục năm nhưng vẫn mới, bên cạnh nhà có khe thoáng 50cm, do vậy phòng nào cũng thoáng sáng. Nhà phù hợp vừa ở vừa kinh doanh.\r\n- Diện tích nhà 40 m2, mặt tiền 7m, nhà xây 4 tầng đầy đủ công năng.\r\n- Thiết kế:\r\n+ Tầng 1: Thông sàn', 1),
(13, 1, 1, 972935963, '171.jpg', 'Bán Nhà Mặt', 'Quốc lộ 1K, Phường Bình An', 11, 40, 50, 60, 7, '2022-10', '-Tôi cần bán căn nhà xây dựng kiên cố,bê tông,cốt thép,làm để ở nên làm bằng tâm huyết của mình nay vì gđ\r\n\r\nchuyển về quê ở phụng dưỡng Bố Mẹ lớn tuổi nên cần bán.\r\n\r\n-Nhà tôi xây tháng 2 âm lịch năm nay 2023 vừa tròn 2 tháng,nhà mới 100%,thiết bị gia dụng tôi sử dụng toàn\r\n\r\nhàng tốt,hàng có thương hiệu nên nhìn nhà rất sang trọng và hiện đại.\r\n\r\n-Nhà tôi xây dựng có thiết kế rõ ràng,công năng sử dụng tối ưu,gồm sân xe hơi', 1),
(14, 1, 1, 913756723, '172.jpg', 'Nguyễn Văn ', 'Phường Tân Định, Thị xã Bến Cát', 9.13, 40, 50, 60, 7, '2022-11', 'Tôi Chính Chủ Bán 2 Căn Nhà liền kề, mới, đẹp, hiện đại, có thang máy, nước nóng Năng lượng mặt trời, nội thất đầy đủ hiện đại ( gia đình chuyển công tác nên muốn bán để chuyển đổi)\r\n- Mặt Tiền: Ngô Quyền, Sơn Trà, Đà Nẵng. Đường rộng 10 làn xe, có thể xây khách sạn, mở quán ăn , xe 50 chỗ đậu thoải mái.\r\n- Gần Trường Học 200m- 600m cấp 1.2.3, gần chợ mai, chợ chiều 600m, gần siêu thị coopmart, vinmart, gần ủy ban . ra bãi biển 900m. Gần Bà Linh ứng, quán Hải Sản Bé Mặn, Eo Biển nổi tiếng . Gần ', 1),
(15, 1, 1, 373475903, '173.jpg', 'NGAY ĐẦM SE', '39, Ngô Quyền, Phường Thọ Quang, Quận Sơn Trà', 3, 40, 50, 60, 7, '2022-12', 'Nhà xây hoàn thiện 1 trệt 1 lầu đúc bê tông kiên cố trên diện tích 5 v15 =75 m2 đất ở đô thị (thổ cư).Nhà rất rộng,đẹp,yên tĩnh,an ninh,thoáng mát.bao gồm 2 phòng ngủ riêng,2 phòng khách rộng,2 phòng vệ sinh,bếp,ban công,sân....điện nước riêng biệt.Đường đi 3m.hẻm xe hơi.Tất cả sẵn sàng chi vào là ở.Giấy tờ đầy đủ có sẵn hợp lệ.(không thuộc quy hoạch,không tranh chấp...)Địa chỉ hẻm 470 đường 925 khu vực Thạnh Hưng, phường Thường Thạnh,quận Cái Răng,tp.Cần Thơ. Giá1 tỷ 150 rất phù hợp..Cảm ơn quý', 1),
(16, 1, 1, 768614693, '174.jpg', '?BÁN NHÀ HX', 'Hẻm nhà trọ 470, Đường 925', 3, 40, 50, 60, 7, '2022-01', 'Mô tả:\r\n?Nhà thiết kế 3 tầng đúc BTCT gồm phòng khách, phòng bếp, 3 phòng ngủ, phòng giặc, ban công.\r\n?Vị trí ngay trung tâm gần chợ Tân Định gần mặt tiền, tương lai ra mặt tiền giá trị tăng cao.\r\n?Nhà chính chủ mấy chục năm đến nay.\r\nPhù hợp mua ở, cho thuê, đầu tư, Phụ huynh mua cho con đi học.\r\n?Khu vực rất hiếm nhà bán, chỉ 2 tỷ2 tìm nhà 3 tầng đúc Quận 1 không ra.\r\n?Giấy tờ pháp lý chuẩn, công chứng ngay.', 2),
(17, 1, 1, 937930354, '175.jpg', 'HẺM TRỰC TH', 'Trần Khắc Chân, Phường Tân Định', 3, 40, 50, 60, 7, '2022-02', '2 MẶT HẺM XE TẢI TRƯỚC SAU - CHDV - MB+15 PHÒNG - DÒNG TIỀN THU VỀ HƠN 600TR/NĂM - 151m2 - 4 TẦNG - CHỈ 13 TỶ - BAO ĐẦU TƯ\r\n\r\n- Hẻm nhựa trước nhà 6m thẳng 1 trục, cách mặt tiền 40m, thông tứ tung. Hẻm sau 5m, sạch sẽ, an ninh.\r\n\r\n- Diện tích: 151m2 ngang 4.7m2 nở hậu 10,7m, dài 20m.\r\n\r\n- CHDV: Kết cấu 1 trệt 3 lầu. Gồm mặt bằng dưới, 15 phòng khép kín. Có dòng tiền ổn định 600tr/năm.', 2),
(18, 1, 1, 902514989, '176.jpg', 'Nhà 4.3x13m', 'Bùi Quang Là, Phường 12', 3, 40, 50, 60, 7, '2022-03', '+ Bán Nhà Hẻm Xe Tải Tống Văn Trân, Phường 5, Quận 11, 70m2, 9 TỶ HẠ CÒN 6.3 TỶ, RẺ BẤT NGỜ, 4 Phòng\r\n\r\n------------------------------------\r\n\r\n+ Chủ Kẹt tiền cần bán gấp 6.3 tỷ thương lượng.\r\n\r\n+ Liên hệ Mr Đồng – Bất động sản. Xem và tư vấn MIỄN PHÍ, gặp CHÍNH CHỦ thương lượng giá, CAM KẾT KHÔNG KÊ GIÁ dưới mọi hình thức.\r\n\r\n* Miễn môi giới, trung gian, báo mạng.', 2),
(19, 1, 1, 969255105, '177.jpg', 'MẶT PHỐ BỒ ', 'Tống Văn Trân, Phường 5', 3, 40, 50, 60, 7, '2022-04', 'Bán biệt thự đơn lập Verosa Park Khang Điền Quận 9 (TP. Thủ Đức) ***\r\n- Diện tích đất: 528m², ngang 20x26.\r\n- Xây 1 trệt 2 lầu, dtxd 485m².\r\n- Thiết kế mẫu được: 2 phòng khách, 1 phòng bếp, 5PN 6WC, 1 phòng thờ - phòng làm việc - phòng thư giãn - 4 sân vườn bao quanh nhà.\r\n- Pháp lý: Đã có sổ, công chứng sang tên ngay.\r\n- Hiện trạng: Hoàn thiện mặt ngoài, thô bên trong.\r\n- Tiện ích: Hồ bơi, gym, công viên đã hiện hữu và cư dân đang bắt đầu về ở.', 2),
(20, 1, 1, 522452021, '178.jpg', 'Bán nhà hẻm', 'Liên Phường, Phường Phú Hữu', 3, 40, 50, 60, 7, '2022-05', 'Bán Nhà 2.5 Tầng nằm tổ 2 thanh lãm. Phường phú lãm hà đông\r\nDiện tích 37m2\r\nNgõ rộng 2m. Cách đường ô tô 80m\r\nVị trí nằm ngõ 9 thanh lãm. Gần trường mầm non. Cấp 1 2', 2),
(21, 1, 1, 904789542, '179.jpg', 'NHÀ 56M2/5.', 'Đường Số 22', 3, 40, 50, 60, 7, '2022-06', '- Vị trí mặt phố ô tô tránh, ngay sát hồ Bồ Đề và chợ dân sinh, khu vực dân cư đông đúc, kinh doanh sầm uất.\r\n- Trường cấp 1,2 cách nhà 200m, trong bán kính 500m là bệnh viện Tâm Anh, Trường QT Wellsprings, công an Phường\r\n- Nhà chủ tự xây ở nên rất chắc chắn, dù ở được chục năm nhưng vẫn mới, bên cạnh nhà có khe thoáng 50cm, do vậy phòng nào cũng thoáng sáng. Nhà phù hợp vừa ở vừa kinh doanh.\r\n- Diện tích nhà 40 m2, mặt tiền 7m, nhà xây 4 tầng đầy đủ công năng.\r\n- Thiết kế:\r\n+ Tầng 1: Thông sàn', 2),
(23, 1, 1, 972935963, '181.jpg', 'Về quê tôi ', 'Quốc lộ 1K, Phường Bình An', 3, 40, 50, 60, 7, '2022-07', '-Tôi cần bán căn nhà xây dựng kiên cố,bê tông,cốt thép,làm để ở nên làm bằng tâm huyết của mình nay vì gđ\r\n\r\nchuyển về quê ở phụng dưỡng Bố Mẹ lớn tuổi nên cần bán.\r\n\r\n-Nhà tôi xây tháng 2 âm lịch năm nay 2023 vừa tròn 2 tháng,nhà mới 100%,thiết bị gia dụng tôi sử dụng toàn\r\n\r\nhàng tốt,hàng có thương hiệu nên nhìn nhà rất sang trọng và hiện đại.\r\n\r\n-Nhà tôi xây dựng có thiết kế rõ ràng,công năng sử dụng tối ưu,gồm sân xe hơi', 2),
(24, 1, 1, 913756723, '182.jpg', 'NGỘP BANK (', 'Phường Tân Định, Thị xã Bến Cát', 3, 40, 50, 60, 7, '2022-08', 'Tôi Chính Chủ Bán 2 Căn Nhà liền kề, mới, đẹp, hiện đại, có thang máy, nước nóng Năng lượng mặt trời, nội thất đầy đủ hiện đại ( gia đình chuyển công tác nên muốn bán để chuyển đổi)\r\n- Mặt Tiền: Ngô Quyền, Sơn Trà, Đà Nẵng. Đường rộng 10 làn xe, có thể xây khách sạn, mở quán ăn , xe 50 chỗ đậu thoải mái.\r\n- Gần Trường Học 200m- 600m cấp 1.2.3, gần chợ mai, chợ chiều 600m, gần siêu thị coopmart, vinmart, gần ủy ban . ra bãi biển 900m. Gần Bà Linh ứng, quán Hải Sản Bé Mặn, Eo Biển nổi tiếng . Gần ', 2),
(25, 1, 1, 373475903, '183.jpg', 'cần 200tr s', '39, Ngô Quyền, Phường Thọ Quang, Quận Sơn Trà', 3.7, 40, 50, 60, 7, '2022-09', 'Nhà xây hoàn thiện 1 trệt 1 lầu đúc bê tông kiên cố trên diện tích 5 v15 =75 m2 đất ở đô thị (thổ cư).Nhà rất rộng,đẹp,yên tĩnh,an ninh,thoáng mát.bao gồm 2 phòng ngủ riêng,2 phòng khách rộng,2 phòng vệ sinh,bếp,ban công,sân....điện nước riêng biệt.Đường đi 3m.hẻm xe hơi.Tất cả sẵn sàng chi vào là ở.Giấy tờ đầy đủ có sẵn hợp lệ.(không thuộc quy hoạch,không tranh chấp...)Địa chỉ hẻm 470 đường 925 khu vực Thạnh Hưng, phường Thường Thạnh,quận Cái Răng,tp.Cần Thơ. Giá1 tỷ 150 rất phù hợp..Cảm ơn quý', 2),
(26, 1, 1, 373475903, '184.jpg', 'Bán gấp 2 c', 'Hẻm nhà trọ 470, Đường 925', 3, 40, 50, 60, 7, '2022-10', 'Mô tả:\r\n?Nhà thiết kế 3 tầng đúc BTCT gồm phòng khách, phòng bếp, 3 phòng ngủ, phòng giặc, ban công.\r\n?Vị trí ngay trung tâm gần chợ Tân Định gần mặt tiền, tương lai ra mặt tiền giá trị tăng cao.\r\n?Nhà chính chủ mấy chục năm đến nay.\r\nPhù hợp mua ở, cho thuê, đầu tư, Phụ huynh mua cho con đi học.\r\n?Khu vực rất hiếm nhà bán, chỉ 2 tỷ2 tìm nhà 3 tầng đúc Quận 1 không ra.\r\n?Giấy tờ pháp lý chuẩn, công chứng ngay.', 2),
(27, 1, 1, 768614693, '185.jpg', 'Nhà cần bán', 'Trần Khắc Chân, Phường Tân Định', 3, 40, 50, 60, 7, '2022-11', '2 MẶT HẺM XE TẢI TRƯỚC SAU - CHDV - MB+15 PHÒNG - DÒNG TIỀN THU VỀ HƠN 600TR/NĂM - 151m2 - 4 TẦNG - CHỈ 13 TỶ - BAO ĐẦU TƯ\r\n\r\n- Hẻm nhựa trước nhà 6m thẳng 1 trục, cách mặt tiền 40m, thông tứ tung. Hẻm sau 5m, sạch sẽ, an ninh.\r\n\r\n- Diện tích: 151m2 ngang 4.7m2 nở hậu 10,7m, dài 20m.\r\n\r\n- CHDV: Kết cấu 1 trệt 3 lầu. Gồm mặt bằng dưới, 15 phòng khép kín. Có dòng tiền ổn định 600tr/năm.', 2),
(28, 1, 1, 937930354, '186.jpg', '12 TỶ/CĂN, ', 'Bùi Quang Là, Phường 12', 3, 40, 50, 60, 7, '2022-12', '+ Bán Nhà Hẻm Xe Tải Tống Văn Trân, Phường 5, Quận 11, 70m2, 9 TỶ HẠ CÒN 6.3 TỶ, RẺ BẤT NGỜ, 4 Phòng\r\n\r\n------------------------------------\r\n\r\n+ Chủ Kẹt tiền cần bán gấp 6.3 tỷ thương lượng.\r\n\r\n+ Liên hệ Mr Đồng – Bất động sản. Xem và tư vấn MIỄN PHÍ, gặp CHÍNH CHỦ thương lượng giá, CAM KẾT KHÔNG KÊ GIÁ dưới mọi hình thức.\r\n\r\n* Miễn môi giới, trung gian, báo mạng.', 2),
(29, 1, 1, 902514989, '187.jpg', 'Bán biệt th', 'Tống Văn Trân, Phường 5', 3, 40, 50, 60, 7, '2022-01', 'Bán biệt thự đơn lập Verosa Park Khang Điền Quận 9 (TP. Thủ Đức) ***\r\n- Diện tích đất: 528m², ngang 20x26.\r\n- Xây 1 trệt 2 lầu, dtxd 485m².\r\n- Thiết kế mẫu được: 2 phòng khách, 1 phòng bếp, 5PN 6WC, 1 phòng thờ - phòng làm việc - phòng thư giãn - 4 sân vườn bao quanh nhà.\r\n- Pháp lý: Đã có sổ, công chứng sang tên ngay.\r\n- Hiện trạng: Hoàn thiện mặt ngoài, thô bên trong.\r\n- Tiện ích: Hồ bơi, gym, công viên đã hiện hữu và cư dân đang bắt đầu về ở.', 3),
(30, 1, 1, 969255105, '188.jpg', 'NHÀ MỚI 1 T', 'Liên Phường, Phường Phú Hữu', 3, 40, 50, 60, 7, '2022-02', 'Bán Nhà 2.5 Tầng nằm tổ 2 thanh lãm. Phường phú lãm hà đông\r\nDiện tích 37m2\r\nNgõ rộng 2m. Cách đường ô tô 80m\r\nVị trí nằm ngõ 9 thanh lãm. Gần trường mầm non. Cấp 1 2', 3),
(31, 1, 1, 904789542, '189.jpg', 'BÁN NHÀ 151', 'Đường Số 22', 3, 40, 50, 60, 7, '2022-03', '- Vị trí mặt phố ô tô tránh, ngay sát hồ Bồ Đề và chợ dân sinh, khu vực dân cư đông đúc, kinh doanh sầm uất.\r\n- Trường cấp 1,2 cách nhà 200m, trong bán kính 500m là bệnh viện Tâm Anh, Trường QT Wellsprings, công an Phường\r\n- Nhà chủ tự xây ở nên rất chắc chắn, dù ở được chục năm nhưng vẫn mới, bên cạnh nhà có khe thoáng 50cm, do vậy phòng nào cũng thoáng sáng. Nhà phù hợp vừa ở vừa kinh doanh.\r\n- Diện tích nhà 40 m2, mặt tiền 7m, nhà xây 4 tầng đầy đủ công năng.\r\n- Thiết kế:\r\n+ Tầng 1: Thông sàn', 3),
(33, 1, 1, 972935963, '191.jpg', 'Bán Nhà Mặt', 'Quốc lộ 1K, Phường Bình An', 3, 40, 50, 60, 7, '2022-04', '-Tôi cần bán căn nhà xây dựng kiên cố,bê tông,cốt thép,làm để ở nên làm bằng tâm huyết của mình nay vì gđ\r\n\r\nchuyển về quê ở phụng dưỡng Bố Mẹ lớn tuổi nên cần bán.\r\n\r\n-Nhà tôi xây tháng 2 âm lịch năm nay 2023 vừa tròn 2 tháng,nhà mới 100%,thiết bị gia dụng tôi sử dụng toàn\r\n\r\nhàng tốt,hàng có thương hiệu nên nhìn nhà rất sang trọng và hiện đại.\r\n\r\n-Nhà tôi xây dựng có thiết kế rõ ràng,công năng sử dụng tối ưu,gồm sân xe hơi', 3),
(34, 1, 1, 913756723, '192.jpg', 'Nguyễn Văn ', 'Phường Tân Định, Thị xã Bến Cát', 3, 40, 50, 60, 7, '2022-05', 'Tôi Chính Chủ Bán 2 Căn Nhà liền kề, mới, đẹp, hiện đại, có thang máy, nước nóng Năng lượng mặt trời, nội thất đầy đủ hiện đại ( gia đình chuyển công tác nên muốn bán để chuyển đổi)\r\n- Mặt Tiền: Ngô Quyền, Sơn Trà, Đà Nẵng. Đường rộng 10 làn xe, có thể xây khách sạn, mở quán ăn , xe 50 chỗ đậu thoải mái.\r\n- Gần Trường Học 200m- 600m cấp 1.2.3, gần chợ mai, chợ chiều 600m, gần siêu thị coopmart, vinmart, gần ủy ban . ra bãi biển 900m. Gần Bà Linh ứng, quán Hải Sản Bé Mặn, Eo Biển nổi tiếng . Gần ', 3),
(35, 1, 1, 373475903, '193.jpg', 'NGAY ĐẦM SE', '39, Ngô Quyền, Phường Thọ Quang, Quận Sơn Trà', 3, 40, 50, 60, 7, '2022-06', 'Nhà xây hoàn thiện 1 trệt 1 lầu đúc bê tông kiên cố trên diện tích 5 v15 =75 m2 đất ở đô thị (thổ cư).Nhà rất rộng,đẹp,yên tĩnh,an ninh,thoáng mát.bao gồm 2 phòng ngủ riêng,2 phòng khách rộng,2 phòng vệ sinh,bếp,ban công,sân....điện nước riêng biệt.Đường đi 3m.hẻm xe hơi.Tất cả sẵn sàng chi vào là ở.Giấy tờ đầy đủ có sẵn hợp lệ.(không thuộc quy hoạch,không tranh chấp...)Địa chỉ hẻm 470 đường 925 khu vực Thạnh Hưng, phường Thường Thạnh,quận Cái Răng,tp.Cần Thơ. Giá1 tỷ 150 rất phù hợp..Cảm ơn quý', 3),
(36, 1, 1, 768614693, '194.jpg', '?BÁN NHÀ HX', 'Hẻm nhà trọ 470, Đường 925', 3, 40, 50, 60, 7, '2022-07', 'Mô tả:\r\n?Nhà thiết kế 3 tầng đúc BTCT gồm phòng khách, phòng bếp, 3 phòng ngủ, phòng giặc, ban công.\r\n?Vị trí ngay trung tâm gần chợ Tân Định gần mặt tiền, tương lai ra mặt tiền giá trị tăng cao.\r\n?Nhà chính chủ mấy chục năm đến nay.\r\nPhù hợp mua ở, cho thuê, đầu tư, Phụ huynh mua cho con đi học.\r\n?Khu vực rất hiếm nhà bán, chỉ 2 tỷ2 tìm nhà 3 tầng đúc Quận 1 không ra.\r\n?Giấy tờ pháp lý chuẩn, công chứng ngay.', 3),
(38, 1, 1, 937930354, '195.jpg', 'HẺM TRỰC TH', 'Bùi Quang Là, Phường 12', 5.7, 110, 60, 20, 2, '2022-08', '+ Bán Nhà Hẻm Xe Tải Tống Văn Trân, Phường 5, Quận 11, 70m2, 9 TỶ HẠ CÒN 6.3 TỶ, RẺ BẤT NGỜ, 4 Phòng\r\n\r\n------------------------------------\r\n\r\n+ Chủ Kẹt tiền cần bán gấp 6.3 tỷ thương lượng.\r\n\r\n+ Liên hệ Mr Đồng – Bất động sản. Xem và tư vấn MIỄN PHÍ, gặp CHÍNH CHỦ thương lượng giá, CAM KẾT KHÔNG KÊ GIÁ dưới mọi hình thức.\r\n\r\n* Miễn môi giới, trung gian, báo mạng.', 3),
(39, 1, 1, 902514989, '196.jpg', 'Nhà 4.3x13m', 'Tống Văn Trân, Phường 5', 4, 124, 20, 30, 3, '2022-09', 'Bán biệt thự đơn lập Verosa Park Khang Điền Quận 9 (TP. Thủ Đức) ***\r\n- Diện tích đất: 528m², ngang 20x26.\r\n- Xây 1 trệt 2 lầu, dtxd 485m².\r\n- Thiết kế mẫu được: 2 phòng khách, 1 phòng bếp, 5PN 6WC, 1 phòng thờ - phòng làm việc - phòng thư giãn - 4 sân vườn bao quanh nhà.\r\n- Pháp lý: Đã có sổ, công chứng sang tên ngay.\r\n- Hiện trạng: Hoàn thiện mặt ngoài, thô bên trong.\r\n- Tiện ích: Hồ bơi, gym, công viên đã hiện hữu và cư dân đang bắt đầu về ở.', 3),
(40, 1, 1, 969255105, '197.jpg', 'MẶT PHỐ BỒ ', 'Liên Phường, Phường Phú Hữu', 7, 55, 20, 0, 4, '2022-10', 'Bán Nhà 2.5 Tầng nằm tổ 2 thanh lãm. Phường phú lãm hà đông\r\nDiện tích 37m2\r\nNgõ rộng 2m. Cách đường ô tô 80m\r\nVị trí nằm ngõ 9 thanh lãm. Gần trường mầm non. Cấp 1 2', 3),
(41, 1, 1, 904789542, '198.jpg', 'Bán nhà hẻm', 'Đường Số 22', 6, 25, 10, 50, 3, '2022-11', '- Vị trí mặt phố ô tô tránh, ngay sát hồ Bồ Đề và chợ dân sinh, khu vực dân cư đông đúc, kinh doanh sầm uất.\r\n- Trường cấp 1,2 cách nhà 200m, trong bán kính 500m là bệnh viện Tâm Anh, Trường QT Wellsprings, công an Phường\r\n- Nhà chủ tự xây ở nên rất chắc chắn, dù ở được chục năm nhưng vẫn mới, bên cạnh nhà có khe thoáng 50cm, do vậy phòng nào cũng thoáng sáng. Nhà phù hợp vừa ở vừa kinh doanh.\r\n- Diện tích nhà 40 m2, mặt tiền 7m, nhà xây 4 tầng đầy đủ công năng.\r\n- Thiết kế:\r\n+ Tầng 1: Thông sàn', 3),
(42, 1, 1, 939555695, '6.jpg', '123', '1112312', 12, 123, 123, 123, 12, '2022-12', '123', 3),
(43, 1, 1, 972935963, '200.jpg', 'Về quê tôi ', 'Quốc lộ 1K, Phường Bình An', 2, 23, 10, 40, 2, '2022-01', '-Tôi cần bán căn nhà xây dựng kiên cố,bê tông,cốt thép,làm để ở nên làm bằng tâm huyết của mình nay vì gđ\r\n\r\nchuyển về quê ở phụng dưỡng Bố Mẹ lớn tuổi nên cần bán.\r\n\r\n-Nhà tôi xây tháng 2 âm lịch năm nay 2023 vừa tròn 2 tháng,nhà mới 100%,thiết bị gia dụng tôi sử dụng toàn\r\n\r\nhàng tốt,hàng có thương hiệu nên nhìn nhà rất sang trọng và hiện đại.\r\n\r\n-Nhà tôi xây dựng có thiết kế rõ ràng,công năng sử dụng tối ưu,gồm sân xe hơi', 4),
(44, 1, 1, 913756723, '100.jpg', 'NGỘP BANK (', 'Phường Tân Định, Thị xã Bến Cát', 5, 56, 40, 130, 1, '2022-02', 'Tôi Chính Chủ Bán 2 Căn Nhà liền kề, mới, đẹp, hiện đại, có thang máy, nước nóng Năng lượng mặt trời, nội thất đầy đủ hiện đại ( gia đình chuyển công tác nên muốn bán để chuyển đổi)\r\n- Mặt Tiền: Ngô Quyền, Sơn Trà, Đà Nẵng. Đường rộng 10 làn xe, có thể xây khách sạn, mở quán ăn , xe 50 chỗ đậu thoải mái.\r\n- Gần Trường Học 200m- 600m cấp 1.2.3, gần chợ mai, chợ chiều 600m, gần siêu thị coopmart, vinmart, gần ủy ban . ra bãi biển 900m. Gần Bà Linh ứng, quán Hải Sản Bé Mặn, Eo Biển nổi tiếng . Gần ', 4),
(45, 1, 1, 373475903, '201.jpg', 'MT Ngô Quyề', '39, Ngô Quyền, Phường Thọ Quang, Quận Sơn Trà', 4, 45, 60, 130, 2, '2022-03', 'Nhà xây hoàn thiện 1 trệt 1 lầu đúc bê tông kiên cố trên diện tích 5 v15 =75 m2 đất ở đô thị (thổ cư).Nhà rất rộng,đẹp,yên tĩnh,an ninh,thoáng mát.bao gồm 2 phòng ngủ riêng,2 phòng khách rộng,2 phòng vệ sinh,bếp,ban công,sân....điện nước riêng biệt.Đường đi 3m.hẻm xe hơi.Tất cả sẵn sàng chi vào là ở.Giấy tờ đầy đủ có sẵn hợp lệ.(không thuộc quy hoạch,không tranh chấp...)Địa chỉ hẻm 470 đường 925 khu vực Thạnh Hưng, phường Thường Thạnh,quận Cái Răng,tp.Cần Thơ. Giá1 tỷ 150 rất phù hợp..Cảm ơn quý', 4),
(46, 1, 1, 904789542, '2.jpg', 'MT Ngô Quyề', 'Hẻm nhà trọ 470, Đường 925', 6, 45, 60, 130, 2, '2022-04', 'Mô tả:\r\n?Nhà thiết kế 3 tầng đúc BTCT gồm phòng khách, phòng bếp, 3 phòng ngủ, phòng giặc, ban công.\r\n?Vị trí ngay trung tâm gần chợ Tân Định gần mặt tiền, tương lai ra mặt tiền giá trị tăng cao.\r\n?Nhà chính chủ mấy chục năm đến nay.\r\nPhù hợp mua ở, cho thuê, đầu tư, Phụ huynh mua cho con đi học.\r\n?Khu vực rất hiếm nhà bán, chỉ 2 tỷ2 tìm nhà 3 tầng đúc Quận 1 không ra.\r\n?Giấy tờ pháp lý chuẩn, công chứng ngay.', 4),
(47, 1, 1, 939555695, '3.jpg', 'Về quê tôi ', 'Trần Khắc Chân, Phường Tân Định', 8, 45, 60, 130, 2, '2022-05', '2 MẶT HẺM XE TẢI TRƯỚC SAU - CHDV - MB+15 PHÒNG - DÒNG TIỀN THU VỀ HƠN 600TR/NĂM - 151m2 - 4 TẦNG - CHỈ 13 TỶ - BAO ĐẦU TƯ\r\n\r\n- Hẻm nhựa trước nhà 6m thẳng 1 trục, cách mặt tiền 40m, thông tứ tung. Hẻm sau 5m, sạch sẽ, an ninh.\r\n\r\n- Diện tích: 151m2 ngang 4.7m2 nở hậu 10,7m, dài 20m.\r\n\r\n- CHDV: Kết cấu 1 trệt 3 lầu. Gồm mặt bằng dưới, 15 phòng khép kín. Có dòng tiền ổn định 600tr/năm.', 4),
(48, 1, 1, 972935963, '4.jpg', 'NGỘP BANK (', 'Bùi Quang Là, Phường 12', 5, 45, 60, 130, 2, '2022-06', '+ Bán Nhà Hẻm Xe Tải Tống Văn Trân, Phường 5, Quận 11, 70m2, 9 TỶ HẠ CÒN 6.3 TỶ, RẺ BẤT NGỜ, 4 Phòng\r\n\r\n------------------------------------\r\n\r\n+ Chủ Kẹt tiền cần bán gấp 6.3 tỷ thương lượng.\r\n\r\n+ Liên hệ Mr Đồng – Bất động sản. Xem và tư vấn MIỄN PHÍ, gặp CHÍNH CHỦ thương lượng giá, CAM KẾT KHÔNG KÊ GIÁ dưới mọi hình thức.\r\n\r\n* Miễn môi giới, trung gian, báo mạng.', 4),
(49, 1, 1, 913756723, '5.jpg', 'cần 200tr s', 'Tống Văn Trân, Phường 5', 9, 45, 60, 130, 2, '2022-07', 'Bán biệt thự đơn lập Verosa Park Khang Điền Quận 9 (TP. Thủ Đức) ***\r\n- Diện tích đất: 528m², ngang 20x26.\r\n- Xây 1 trệt 2 lầu, dtxd 485m².\r\n- Thiết kế mẫu được: 2 phòng khách, 1 phòng bếp, 5PN 6WC, 1 phòng thờ - phòng làm việc - phòng thư giãn - 4 sân vườn bao quanh nhà.\r\n- Pháp lý: Đã có sổ, công chứng sang tên ngay.\r\n- Hiện trạng: Hoàn thiện mặt ngoài, thô bên trong.\r\n- Tiện ích: Hồ bơi, gym, công viên đã hiện hữu và cư dân đang bắt đầu về ở.', 4),
(50, 1, 1, 373475903, '6.jpg', 'Bán gấp 2 c', 'Liên Phường, Phường Phú Hữu', 10.19, 45, 60, 130, 2, '2022-08', 'Bán Nhà 2.5 Tầng nằm tổ 2 thanh lãm. Phường phú lãm hà đông\r\nDiện tích 37m2\r\nNgõ rộng 2m. Cách đường ô tô 80m\r\nVị trí nằm ngõ 9 thanh lãm. Gần trường mầm non. Cấp 1 2', 4),
(51, 1, 2, 768614693, '8.jpg', 'Nhà cần bán', 'Đường Số 22', 7, 45, 60, 130, 2, '2022-09', '- Vị trí mặt phố ô tô tránh, ngay sát hồ Bồ Đề và chợ dân sinh, khu vực dân cư đông đúc, kinh doanh sầm uất.\r\n- Trường cấp 1,2 cách nhà 200m, trong bán kính 500m là bệnh viện Tâm Anh, Trường QT Wellsprings, công an Phường\r\n- Nhà chủ tự xây ở nên rất chắc chắn, dù ở được chục năm nhưng vẫn mới, bên cạnh nhà có khe thoáng 50cm, do vậy phòng nào cũng thoáng sáng. Nhà phù hợp vừa ở vừa kinh doanh.\r\n- Diện tích nhà 40 m2, mặt tiền 7m, nhà xây 4 tầng đầy đủ công năng.\r\n- Thiết kế:\r\n+ Tầng 1: Thông sàn', 4),
(52, 1, 2, 937930354, '9.jpg', '12 TỶ/CĂN, ', 'Phố Bồ Đề, Phường Bồ Đề', 9, 45, 60, 130, 2, '2022-10', '?12 tỷ căn / TL mạnh trả giá là bán\r\n\r\nBán 2 căn Biệt Thự 2 MT KDC Phú Hồng Thịnh 10, Full nội thất cao cấp, p.Bình An, Tp.Dĩ An\r\n\r\nDT: 111,9m2 thổ cư 100% ( 7,6X16m )\r\nDT sàn thực tế 500m2\r\n\r\nNgay đường Quốc Lộ 1K, BigC GO, Làng Đại Học Quốc Gia Tp.HCM, gần Thủ Đức\r\n\r\nThiết kế: 1 trệt 4 lầu đúc 5 tấm, Gara Ô tô 7 chỗ, 2 phòng khách, nhà ăn, 4 phòng ngủ master có nhà vệ sinh bên trong, 7wc, phòng Karaoke, phòng thờ, phòng giặt, sân thượng, ban công,', 4),
(53, 1, 2, 902514989, '10.jpg', 'Bán biệt th', 'Quốc lộ 1K, Phường Bình An', 2, 45, 60, 130, 2, '2022-11', '-Tôi cần bán căn nhà xây dựng kiên cố,bê tông,cốt thép,làm để ở nên làm bằng tâm huyết của mình nay vì gđ\r\n\r\nchuyển về quê ở phụng dưỡng Bố Mẹ lớn tuổi nên cần bán.\r\n\r\n-Nhà tôi xây tháng 2 âm lịch năm nay 2023 vừa tròn 2 tháng,nhà mới 100%,thiết bị gia dụng tôi sử dụng toàn\r\n\r\nhàng tốt,hàng có thương hiệu nên nhìn nhà rất sang trọng và hiện đại.\r\n\r\n-Nhà tôi xây dựng có thiết kế rõ ràng,công năng sử dụng tối ưu,gồm sân xe hơi', 4),
(54, 1, 2, 969255105, '11.jpg', 'NHÀ MỚI 1 T', 'Phường Tân Định, Thị xã Bến Cát', 3, 45, 60, 130, 2, '2022-12', 'Tôi Chính Chủ Bán 2 Căn Nhà liền kề, mới, đẹp, hiện đại, có thang máy, nước nóng Năng lượng mặt trời, nội thất đầy đủ hiện đại ( gia đình chuyển công tác nên muốn bán để chuyển đổi)\r\n- Mặt Tiền: Ngô Quyền, Sơn Trà, Đà Nẵng. Đường rộng 10 làn xe, có thể xây khách sạn, mở quán ăn , xe 50 chỗ đậu thoải mái.\r\n- Gần Trường Học 200m- 600m cấp 1.2.3, gần chợ mai, chợ chiều 600m, gần siêu thị coopmart, vinmart, gần ủy ban . ra bãi biển 900m. Gần Bà Linh ứng, quán Hải Sản Bé Mặn, Eo Biển nổi tiếng . Gần ', 4),
(55, 1, 2, 522452021, '12.jpg', 'BÁN NHÀ 151', '39, Ngô Quyền, Phường Thọ Quang, Quận Sơn Trà', 4, 45, 60, 130, 2, '2022-01', 'Nhà xây hoàn thiện 1 trệt 1 lầu đúc bê tông kiên cố trên diện tích 5 v15 =75 m2 đất ở đô thị (thổ cư).Nhà rất rộng,đẹp,yên tĩnh,an ninh,thoáng mát.bao gồm 2 phòng ngủ riêng,2 phòng khách rộng,2 phòng vệ sinh,bếp,ban công,sân....điện nước riêng biệt.Đường đi 3m.hẻm xe hơi.Tất cả sẵn sàng chi vào là ở.Giấy tờ đầy đủ có sẵn hợp lệ.(không thuộc quy hoạch,không tranh chấp...)Địa chỉ hẻm 470 đường 925 khu vực Thạnh Hưng, phường Thường Thạnh,quận Cái Răng,tp.Cần Thơ. Giá1 tỷ 150 rất phù hợp..Cảm ơn quý', 5),
(56, 1, 2, 904789542, '13.jpg', 'Chính Chủ B', 'Hẻm nhà trọ 470, Đường 925', 5, 45, 60, 130, 2, '2022-02', 'Mô tả:\r\n?Nhà thiết kế 3 tầng đúc BTCT gồm phòng khách, phòng bếp, 3 phòng ngủ, phòng giặc, ban công.\r\n?Vị trí ngay trung tâm gần chợ Tân Định gần mặt tiền, tương lai ra mặt tiền giá trị tăng cao.\r\n?Nhà chính chủ mấy chục năm đến nay.\r\nPhù hợp mua ở, cho thuê, đầu tư, Phụ huynh mua cho con đi học.\r\n?Khu vực rất hiếm nhà bán, chỉ 2 tỷ2 tìm nhà 3 tầng đúc Quận 1 không ra.\r\n?Giấy tờ pháp lý chuẩn, công chứng ngay.', 5),
(57, 1, 2, 939555695, '14.jpg', 'Bán Nhà Mặt', 'Trần Khắc Chân, Phường Tân Định', 4.9, 45, 60, 130, 2, '2022-03', '2 MẶT HẺM XE TẢI TRƯỚC SAU - CHDV - MB+15 PHÒNG - DÒNG TIỀN THU VỀ HƠN 600TR/NĂM - 151m2 - 4 TẦNG - CHỈ 13 TỶ - BAO ĐẦU TƯ\r\n\r\n- Hẻm nhựa trước nhà 6m thẳng 1 trục, cách mặt tiền 40m, thông tứ tung. Hẻm sau 5m, sạch sẽ, an ninh.\r\n\r\n- Diện tích: 151m2 ngang 4.7m2 nở hậu 10,7m, dài 20m.\r\n\r\n- CHDV: Kết cấu 1 trệt 3 lầu. Gồm mặt bằng dưới, 15 phòng khép kín. Có dòng tiền ổn định 600tr/năm.', 5),
(58, 1, 2, 972935963, '15.jpg', 'Nguyễn Văn ', 'Bùi Quang Là, Phường 12', 8, 45, 60, 130, 2, '2022-04', '+ Bán Nhà Hẻm Xe Tải Tống Văn Trân, Phường 5, Quận 11, 70m2, 9 TỶ HẠ CÒN 6.3 TỶ, RẺ BẤT NGỜ, 4 Phòng\r\n\r\n------------------------------------\r\n\r\n+ Chủ Kẹt tiền cần bán gấp 6.3 tỷ thương lượng.\r\n\r\n+ Liên hệ Mr Đồng – Bất động sản. Xem và tư vấn MIỄN PHÍ, gặp CHÍNH CHỦ thương lượng giá, CAM KẾT KHÔNG KÊ GIÁ dưới mọi hình thức.\r\n\r\n* Miễn môi giới, trung gian, báo mạng.', 5),
(59, 1, 2, 913756723, '16.jpg', 'NGAY ĐẦM SE', 'Tống Văn Trân, Phường 5', 6, 45, 60, 130, 2, '2022-05', 'Bán biệt thự đơn lập Verosa Park Khang Điền Quận 9 (TP. Thủ Đức) ***\r\n- Diện tích đất: 528m², ngang 20x26.\r\n- Xây 1 trệt 2 lầu, dtxd 485m².\r\n- Thiết kế mẫu được: 2 phòng khách, 1 phòng bếp, 5PN 6WC, 1 phòng thờ - phòng làm việc - phòng thư giãn - 4 sân vườn bao quanh nhà.\r\n- Pháp lý: Đã có sổ, công chứng sang tên ngay.\r\n- Hiện trạng: Hoàn thiện mặt ngoài, thô bên trong.\r\n- Tiện ích: Hồ bơi, gym, công viên đã hiện hữu và cư dân đang bắt đầu về ở.', 5),
(60, 1, 2, 373475903, '17.jpg', '?BÁN NHÀ HX', 'Liên Phường, Phường Phú Hữu', 7, 45, 60, 130, 2, '2022-06', 'Bán Nhà 2.5 Tầng nằm tổ 2 thanh lãm. Phường phú lãm hà đông\r\nDiện tích 37m2\r\nNgõ rộng 2m. Cách đường ô tô 80m\r\nVị trí nằm ngõ 9 thanh lãm. Gần trường mầm non. Cấp 1 2', 5),
(61, 1, 2, 768614693, '18.jpg', 'HẺM TRỰC TH', 'Đường Số 22', 10, 45, 60, 130, 2, '2022-07', '- Vị trí mặt phố ô tô tránh, ngay sát hồ Bồ Đề và chợ dân sinh, khu vực dân cư đông đúc, kinh doanh sầm uất.\r\n- Trường cấp 1,2 cách nhà 200m, trong bán kính 500m là bệnh viện Tâm Anh, Trường QT Wellsprings, công an Phường\r\n- Nhà chủ tự xây ở nên rất chắc chắn, dù ở được chục năm nhưng vẫn mới, bên cạnh nhà có khe thoáng 50cm, do vậy phòng nào cũng thoáng sáng. Nhà phù hợp vừa ở vừa kinh doanh.\r\n- Diện tích nhà 40 m2, mặt tiền 7m, nhà xây 4 tầng đầy đủ công năng.\r\n- Thiết kế:\r\n+ Tầng 1: Thông sàn', 5),
(62, 2, 2, 937930354, '19.jpg', 'Nhà 4.3x13m', 'Phố Bồ Đề, Phường Bồ Đề', 1.99, 45, 60, 130, 2, '2022-08', '?12 tỷ căn / TL mạnh trả giá là bán\r\n\r\nBán 2 căn Biệt Thự 2 MT KDC Phú Hồng Thịnh 10, Full nội thất cao cấp, p.Bình An, Tp.Dĩ An\r\n\r\nDT: 111,9m2 thổ cư 100% ( 7,6X16m )\r\nDT sàn thực tế 500m2\r\n\r\nNgay đường Quốc Lộ 1K, BigC GO, Làng Đại Học Quốc Gia Tp.HCM, gần Thủ Đức\r\n\r\nThiết kế: 1 trệt 4 lầu đúc 5 tấm, Gara Ô tô 7 chỗ, 2 phòng khách, nhà ăn, 4 phòng ngủ master có nhà vệ sinh bên trong, 7wc, phòng Karaoke, phòng thờ, phòng giặt, sân thượng, ban công,', 5),
(63, 1, 2, 902514989, '20.jpg', 'MẶT PHỐ BỒ ', 'Quốc lộ 1K, Phường Bình An', 2, 45, 60, 130, 2, '2022-09', '-Tôi cần bán căn nhà xây dựng kiên cố,bê tông,cốt thép,làm để ở nên làm bằng tâm huyết của mình nay vì gđ\r\n\r\nchuyển về quê ở phụng dưỡng Bố Mẹ lớn tuổi nên cần bán.\r\n\r\n-Nhà tôi xây tháng 2 âm lịch năm nay 2023 vừa tròn 2 tháng,nhà mới 100%,thiết bị gia dụng tôi sử dụng toàn\r\n\r\nhàng tốt,hàng có thương hiệu nên nhìn nhà rất sang trọng và hiện đại.\r\n\r\n-Nhà tôi xây dựng có thiết kế rõ ràng,công năng sử dụng tối ưu,gồm sân xe hơi', 5),
(64, 1, 2, 969255105, '21.jpg', 'Bán nhà hẻm', 'Phường Tân Định, Thị xã Bến Cát', 3, 45, 60, 130, 2, '2022-10', 'Tôi Chính Chủ Bán 2 Căn Nhà liền kề, mới, đẹp, hiện đại, có thang máy, nước nóng Năng lượng mặt trời, nội thất đầy đủ hiện đại ( gia đình chuyển công tác nên muốn bán để chuyển đổi)\r\n- Mặt Tiền: Ngô Quyền, Sơn Trà, Đà Nẵng. Đường rộng 10 làn xe, có thể xây khách sạn, mở quán ăn , xe 50 chỗ đậu thoải mái.\r\n- Gần Trường Học 200m- 600m cấp 1.2.3, gần chợ mai, chợ chiều 600m, gần siêu thị coopmart, vinmart, gần ủy ban . ra bãi biển 900m. Gần Bà Linh ứng, quán Hải Sản Bé Mặn, Eo Biển nổi tiếng . Gần ', 5),
(65, 1, 2, 522452021, '22.jpg', 'Bán Massge ', '39, Ngô Quyền, Phường Thọ Quang, Quận Sơn Trà', 5, 45, 60, 130, 2, '2022-11', 'Nhà xây hoàn thiện 1 trệt 1 lầu đúc bê tông kiên cố trên diện tích 5 v15 =75 m2 đất ở đô thị (thổ cư).Nhà rất rộng,đẹp,yên tĩnh,an ninh,thoáng mát.bao gồm 2 phòng ngủ riêng,2 phòng khách rộng,2 phòng vệ sinh,bếp,ban công,sân....điện nước riêng biệt.Đường đi 3m.hẻm xe hơi.Tất cả sẵn sàng chi vào là ở.Giấy tờ đầy đủ có sẵn hợp lệ.(không thuộc quy hoạch,không tranh chấp...)Địa chỉ hẻm 470 đường 925 khu vực Thạnh Hưng, phường Thường Thạnh,quận Cái Răng,tp.Cần Thơ. Giá1 tỷ 150 rất phù hợp..Cảm ơn quý', 5),
(66, 1, 2, 904789542, '23.jpg', 'MT Ngô Quyề', 'Hẻm nhà trọ 470, Đường 925', 4, 45, 60, 130, 2, '2022-12', 'Mô tả:\r\n?Nhà thiết kế 3 tầng đúc BTCT gồm phòng khách, phòng bếp, 3 phòng ngủ, phòng giặc, ban công.\r\n?Vị trí ngay trung tâm gần chợ Tân Định gần mặt tiền, tương lai ra mặt tiền giá trị tăng cao.\r\n?Nhà chính chủ mấy chục năm đến nay.\r\nPhù hợp mua ở, cho thuê, đầu tư, Phụ huynh mua cho con đi học.\r\n?Khu vực rất hiếm nhà bán, chỉ 2 tỷ2 tìm nhà 3 tầng đúc Quận 1 không ra.\r\n?Giấy tờ pháp lý chuẩn, công chứng ngay.', 5),
(67, 1, 2, 939555695, '24.jpg', 'Về quê tôi ', 'Trần Khắc Chân, Phường Tân Định', 6, 45, 60, 130, 2, '2022-01', '2 MẶT HẺM XE TẢI TRƯỚC SAU - CHDV - MB+15 PHÒNG - DÒNG TIỀN THU VỀ HƠN 600TR/NĂM - 151m2 - 4 TẦNG - CHỈ 13 TỶ - BAO ĐẦU TƯ\r\n\r\n- Hẻm nhựa trước nhà 6m thẳng 1 trục, cách mặt tiền 40m, thông tứ tung. Hẻm sau 5m, sạch sẽ, an ninh.\r\n\r\n- Diện tích: 151m2 ngang 4.7m2 nở hậu 10,7m, dài 20m.\r\n\r\n- CHDV: Kết cấu 1 trệt 3 lầu. Gồm mặt bằng dưới, 15 phòng khép kín. Có dòng tiền ổn định 600tr/năm.', 6),
(68, 1, 2, 972935963, '25.jpg', 'NGỘP BANK (', 'Bùi Quang Là, Phường 12', 4, 45, 60, 130, 2, '2022-02', '+ Bán Nhà Hẻm Xe Tải Tống Văn Trân, Phường 5, Quận 11, 70m2, 9 TỶ HẠ CÒN 6.3 TỶ, RẺ BẤT NGỜ, 4 Phòng\r\n\r\n------------------------------------\r\n\r\n+ Chủ Kẹt tiền cần bán gấp 6.3 tỷ thương lượng.\r\n\r\n+ Liên hệ Mr Đồng – Bất động sản. Xem và tư vấn MIỄN PHÍ, gặp CHÍNH CHỦ thương lượng giá, CAM KẾT KHÔNG KÊ GIÁ dưới mọi hình thức.\r\n\r\n* Miễn môi giới, trung gian, báo mạng.', 6),
(69, 1, 2, 913756723, '26.jpg', 'cần 200tr s', 'Tống Văn Trân, Phường 5', 2, 45, 60, 130, 2, '2022-03', 'Bán biệt thự đơn lập Verosa Park Khang Điền Quận 9 (TP. Thủ Đức) ***\r\n- Diện tích đất: 528m², ngang 20x26.\r\n- Xây 1 trệt 2 lầu, dtxd 485m².\r\n- Thiết kế mẫu được: 2 phòng khách, 1 phòng bếp, 5PN 6WC, 1 phòng thờ - phòng làm việc - phòng thư giãn - 4 sân vườn bao quanh nhà.\r\n- Pháp lý: Đã có sổ, công chứng sang tên ngay.\r\n- Hiện trạng: Hoàn thiện mặt ngoài, thô bên trong.\r\n- Tiện ích: Hồ bơi, gym, công viên đã hiện hữu và cư dân đang bắt đầu về ở.', 6),
(70, 1, 2, 373475903, '27.jpg', 'Bán gấp 2 c', 'Liên Phường, Phường Phú Hữu', 3, 45, 60, 130, 2, '2022-04', 'Bán Nhà 2.5 Tầng nằm tổ 2 thanh lãm. Phường phú lãm hà đông\r\nDiện tích 37m2\r\nNgõ rộng 2m. Cách đường ô tô 80m\r\nVị trí nằm ngõ 9 thanh lãm. Gần trường mầm non. Cấp 1 2', 6),
(71, 1, 2, 768614693, '28.jpg', 'Nhà cần bán', 'Đường Số 22', 5.12, 45, 60, 130, 2, '2022-05', '- Vị trí mặt phố ô tô tránh, ngay sát hồ Bồ Đề và chợ dân sinh, khu vực dân cư đông đúc, kinh doanh sầm uất.\r\n- Trường cấp 1,2 cách nhà 200m, trong bán kính 500m là bệnh viện Tâm Anh, Trường QT Wellsprings, công an Phường\r\n- Nhà chủ tự xây ở nên rất chắc chắn, dù ở được chục năm nhưng vẫn mới, bên cạnh nhà có khe thoáng 50cm, do vậy phòng nào cũng thoáng sáng. Nhà phù hợp vừa ở vừa kinh doanh.\r\n- Diện tích nhà 40 m2, mặt tiền 7m, nhà xây 4 tầng đầy đủ công năng.\r\n- Thiết kế:\r\n+ Tầng 1: Thông sàn', 6),
(72, 1, 2, 937930354, '29.jpg', '12 TỶ/CĂN, ', 'Phố Bồ Đề, Phường Bồ Đề', 7, 45, 60, 130, 2, '2022-06', '?12 tỷ căn / TL mạnh trả giá là bán\r\n\r\nBán 2 căn Biệt Thự 2 MT KDC Phú Hồng Thịnh 10, Full nội thất cao cấp, p.Bình An, Tp.Dĩ An\r\n\r\nDT: 111,9m2 thổ cư 100% ( 7,6X16m )\r\nDT sàn thực tế 500m2\r\n\r\nNgay đường Quốc Lộ 1K, BigC GO, Làng Đại Học Quốc Gia Tp.HCM, gần Thủ Đức\r\n\r\nThiết kế: 1 trệt 4 lầu đúc 5 tấm, Gara Ô tô 7 chỗ, 2 phòng khách, nhà ăn, 4 phòng ngủ master có nhà vệ sinh bên trong, 7wc, phòng Karaoke, phòng thờ, phòng giặt, sân thượng, ban công,', 6),
(73, 1, 2, 902514989, '30.jpg', 'Bán biệt th', 'Quốc lộ 1K, Phường Bình An', 9, 45, 60, 130, 2, '2022-07', '-Tôi cần bán căn nhà xây dựng kiên cố,bê tông,cốt thép,làm để ở nên làm bằng tâm huyết của mình nay vì gđ\r\n\r\nchuyển về quê ở phụng dưỡng Bố Mẹ lớn tuổi nên cần bán.\r\n\r\n-Nhà tôi xây tháng 2 âm lịch năm nay 2023 vừa tròn 2 tháng,nhà mới 100%,thiết bị gia dụng tôi sử dụng toàn\r\n\r\nhàng tốt,hàng có thương hiệu nên nhìn nhà rất sang trọng và hiện đại.\r\n\r\n-Nhà tôi xây dựng có thiết kế rõ ràng,công năng sử dụng tối ưu,gồm sân xe hơi', 6),
(74, 1, 2, 969255105, '31.jpg', 'NHÀ MỚI 1 T', 'Phường Tân Định, Thị xã Bến Cát', 2, 45, 60, 130, 2, '2022-08', 'Tôi Chính Chủ Bán 2 Căn Nhà liền kề, mới, đẹp, hiện đại, có thang máy, nước nóng Năng lượng mặt trời, nội thất đầy đủ hiện đại ( gia đình chuyển công tác nên muốn bán để chuyển đổi)\r\n- Mặt Tiền: Ngô Quyền, Sơn Trà, Đà Nẵng. Đường rộng 10 làn xe, có thể xây khách sạn, mở quán ăn , xe 50 chỗ đậu thoải mái.\r\n- Gần Trường Học 200m- 600m cấp 1.2.3, gần chợ mai, chợ chiều 600m, gần siêu thị coopmart, vinmart, gần ủy ban . ra bãi biển 900m. Gần Bà Linh ứng, quán Hải Sản Bé Mặn, Eo Biển nổi tiếng . Gần ', 6),
(75, 1, 2, 522452021, '32.jpg', 'BÁN NHÀ 151', '39, Ngô Quyền, Phường Thọ Quang, Quận Sơn Trà', 4, 45, 60, 130, 2, '2022-09', 'Nhà xây hoàn thiện 1 trệt 1 lầu đúc bê tông kiên cố trên diện tích 5 v15 =75 m2 đất ở đô thị (thổ cư).Nhà rất rộng,đẹp,yên tĩnh,an ninh,thoáng mát.bao gồm 2 phòng ngủ riêng,2 phòng khách rộng,2 phòng vệ sinh,bếp,ban công,sân....điện nước riêng biệt.Đường đi 3m.hẻm xe hơi.Tất cả sẵn sàng chi vào là ở.Giấy tờ đầy đủ có sẵn hợp lệ.(không thuộc quy hoạch,không tranh chấp...)Địa chỉ hẻm 470 đường 925 khu vực Thạnh Hưng, phường Thường Thạnh,quận Cái Răng,tp.Cần Thơ. Giá1 tỷ 150 rất phù hợp..Cảm ơn quý', 6),
(76, 1, 2, 904789542, '33.jpg', 'Chính Chủ B', 'Hẻm nhà trọ 470, Đường 925', 6, 45, 60, 130, 2, '2022-10', 'Mô tả:\r\n?Nhà thiết kế 3 tầng đúc BTCT gồm phòng khách, phòng bếp, 3 phòng ngủ, phòng giặc, ban công.\r\n?Vị trí ngay trung tâm gần chợ Tân Định gần mặt tiền, tương lai ra mặt tiền giá trị tăng cao.\r\n?Nhà chính chủ mấy chục năm đến nay.\r\nPhù hợp mua ở, cho thuê, đầu tư, Phụ huynh mua cho con đi học.\r\n?Khu vực rất hiếm nhà bán, chỉ 2 tỷ2 tìm nhà 3 tầng đúc Quận 1 không ra.\r\n?Giấy tờ pháp lý chuẩn, công chứng ngay.', 6),
(77, 1, 2, 939555695, '34.jpg', 'Bán Nhà Mặt', 'Trần Khắc Chân, Phường Tân Định', 8, 45, 60, 130, 2, '2022-11', '2 MẶT HẺM XE TẢI TRƯỚC SAU - CHDV - MB+15 PHÒNG - DÒNG TIỀN THU VỀ HƠN 600TR/NĂM - 151m2 - 4 TẦNG - CHỈ 13 TỶ - BAO ĐẦU TƯ\r\n\r\n- Hẻm nhựa trước nhà 6m thẳng 1 trục, cách mặt tiền 40m, thông tứ tung. Hẻm sau 5m, sạch sẽ, an ninh.\r\n\r\n- Diện tích: 151m2 ngang 4.7m2 nở hậu 10,7m, dài 20m.\r\n\r\n- CHDV: Kết cấu 1 trệt 3 lầu. Gồm mặt bằng dưới, 15 phòng khép kín. Có dòng tiền ổn định 600tr/năm.', 6),
(78, 1, 2, 972935963, '35.jpg', 'Nguyễn Văn ', 'Bùi Quang Là, Phường 12', 1.4, 45, 60, 130, 2, '2022-12', '+ Bán Nhà Hẻm Xe Tải Tống Văn Trân, Phường 5, Quận 11, 70m2, 9 TỶ HẠ CÒN 6.3 TỶ, RẺ BẤT NGỜ, 4 Phòng\r\n\r\n------------------------------------\r\n\r\n+ Chủ Kẹt tiền cần bán gấp 6.3 tỷ thương lượng.\r\n\r\n+ Liên hệ Mr Đồng – Bất động sản. Xem và tư vấn MIỄN PHÍ, gặp CHÍNH CHỦ thương lượng giá, CAM KẾT KHÔNG KÊ GIÁ dưới mọi hình thức.\r\n\r\n* Miễn môi giới, trung gian, báo mạng.', 6),
(79, 1, 2, 913756723, '36.jpg', 'NGAY ĐẦM SE', 'Tống Văn Trân, Phường 5', 3, 45, 60, 130, 2, '2022-01', 'Bán biệt thự đơn lập Verosa Park Khang Điền Quận 9 (TP. Thủ Đức) ***\r\n- Diện tích đất: 528m², ngang 20x26.\r\n- Xây 1 trệt 2 lầu, dtxd 485m².\r\n- Thiết kế mẫu được: 2 phòng khách, 1 phòng bếp, 5PN 6WC, 1 phòng thờ - phòng làm việc - phòng thư giãn - 4 sân vườn bao quanh nhà.\r\n- Pháp lý: Đã có sổ, công chứng sang tên ngay.\r\n- Hiện trạng: Hoàn thiện mặt ngoài, thô bên trong.\r\n- Tiện ích: Hồ bơi, gym, công viên đã hiện hữu và cư dân đang bắt đầu về ở.', 7),
(80, 1, 2, 373475903, '37.jpg', '?BÁN NHÀ HX', 'Liên Phường, Phường Phú Hữu', 5, 45, 60, 130, 2, '2022-02', 'Bán Nhà 2.5 Tầng nằm tổ 2 thanh lãm. Phường phú lãm hà đông\r\nDiện tích 37m2\r\nNgõ rộng 2m. Cách đường ô tô 80m\r\nVị trí nằm ngõ 9 thanh lãm. Gần trường mầm non. Cấp 1 2', 7),
(81, 1, 2, 768614693, '38.jpg', 'HẺM TRỰC TH', 'Đường Số 22', 7, 45, 60, 130, 2, '2022-03', '- Vị trí mặt phố ô tô tránh, ngay sát hồ Bồ Đề và chợ dân sinh, khu vực dân cư đông đúc, kinh doanh sầm uất.\r\n- Trường cấp 1,2 cách nhà 200m, trong bán kính 500m là bệnh viện Tâm Anh, Trường QT Wellsprings, công an Phường\r\n- Nhà chủ tự xây ở nên rất chắc chắn, dù ở được chục năm nhưng vẫn mới, bên cạnh nhà có khe thoáng 50cm, do vậy phòng nào cũng thoáng sáng. Nhà phù hợp vừa ở vừa kinh doanh.\r\n- Diện tích nhà 40 m2, mặt tiền 7m, nhà xây 4 tầng đầy đủ công năng.\r\n- Thiết kế:\r\n+ Tầng 1: Thông sàn', 7),
(82, 1, 2, 937930354, '39.jpg', 'Nhà 4.3x13m', 'Phố Bồ Đề, Phường Bồ Đề', 3, 45, 60, 130, 2, '2022-04', '?12 tỷ căn / TL mạnh trả giá là bán\r\n\r\nBán 2 căn Biệt Thự 2 MT KDC Phú Hồng Thịnh 10, Full nội thất cao cấp, p.Bình An, Tp.Dĩ An\r\n\r\nDT: 111,9m2 thổ cư 100% ( 7,6X16m )\r\nDT sàn thực tế 500m2\r\n\r\nNgay đường Quốc Lộ 1K, BigC GO, Làng Đại Học Quốc Gia Tp.HCM, gần Thủ Đức\r\n\r\nThiết kế: 1 trệt 4 lầu đúc 5 tấm, Gara Ô tô 7 chỗ, 2 phòng khách, nhà ăn, 4 phòng ngủ master có nhà vệ sinh bên trong, 7wc, phòng Karaoke, phòng thờ, phòng giặt, sân thượng, ban công,', 7),
(83, 1, 2, 902514989, '40.jpg', 'MẶT PHỐ BỒ ', 'Quốc lộ 1K, Phường Bình An', 1, 45, 60, 130, 2, '2022-05', '-Tôi cần bán căn nhà xây dựng kiên cố,bê tông,cốt thép,làm để ở nên làm bằng tâm huyết của mình nay vì gđ\r\n\r\nchuyển về quê ở phụng dưỡng Bố Mẹ lớn tuổi nên cần bán.\r\n\r\n-Nhà tôi xây tháng 2 âm lịch năm nay 2023 vừa tròn 2 tháng,nhà mới 100%,thiết bị gia dụng tôi sử dụng toàn\r\n\r\nhàng tốt,hàng có thương hiệu nên nhìn nhà rất sang trọng và hiện đại.\r\n\r\n-Nhà tôi xây dựng có thiết kế rõ ràng,công năng sử dụng tối ưu,gồm sân xe hơi', 7),
(84, 1, 2, 969255105, '41.jpg', 'Bán nhà hẻm', 'Phường Tân Định, Thị xã Bến Cát', 7, 45, 60, 130, 2, '2022-06', 'Tôi Chính Chủ Bán 2 Căn Nhà liền kề, mới, đẹp, hiện đại, có thang máy, nước nóng Năng lượng mặt trời, nội thất đầy đủ hiện đại ( gia đình chuyển công tác nên muốn bán để chuyển đổi)\r\n- Mặt Tiền: Ngô Quyền, Sơn Trà, Đà Nẵng. Đường rộng 10 làn xe, có thể xây khách sạn, mở quán ăn , xe 50 chỗ đậu thoải mái.\r\n- Gần Trường Học 200m- 600m cấp 1.2.3, gần chợ mai, chợ chiều 600m, gần siêu thị coopmart, vinmart, gần ủy ban . ra bãi biển 900m. Gần Bà Linh ứng, quán Hải Sản Bé Mặn, Eo Biển nổi tiếng . Gần ', 7),
(85, 1, 2, 522452021, '42.jpg', 'Bán Massge ', '39, Ngô Quyền, Phường Thọ Quang, Quận Sơn Trà', 3, 45, 60, 130, 2, '2022-07', 'Nhà xây hoàn thiện 1 trệt 1 lầu đúc bê tông kiên cố trên diện tích 5 v15 =75 m2 đất ở đô thị (thổ cư).Nhà rất rộng,đẹp,yên tĩnh,an ninh,thoáng mát.bao gồm 2 phòng ngủ riêng,2 phòng khách rộng,2 phòng vệ sinh,bếp,ban công,sân....điện nước riêng biệt.Đường đi 3m.hẻm xe hơi.Tất cả sẵn sàng chi vào là ở.Giấy tờ đầy đủ có sẵn hợp lệ.(không thuộc quy hoạch,không tranh chấp...)Địa chỉ hẻm 470 đường 925 khu vực Thạnh Hưng, phường Thường Thạnh,quận Cái Răng,tp.Cần Thơ. Giá1 tỷ 150 rất phù hợp..Cảm ơn quý', 7),
(86, 1, 2, 904789542, '43.jpg', 'MT Ngô Quyề', 'Hẻm nhà trọ 470, Đường 925', 2, 45, 60, 130, 2, '2022-08', 'Mô tả:\r\n?Nhà thiết kế 3 tầng đúc BTCT gồm phòng khách, phòng bếp, 3 phòng ngủ, phòng giặc, ban công.\r\n?Vị trí ngay trung tâm gần chợ Tân Định gần mặt tiền, tương lai ra mặt tiền giá trị tăng cao.\r\n?Nhà chính chủ mấy chục năm đến nay.\r\nPhù hợp mua ở, cho thuê, đầu tư, Phụ huynh mua cho con đi học.\r\n?Khu vực rất hiếm nhà bán, chỉ 2 tỷ2 tìm nhà 3 tầng đúc Quận 1 không ra.\r\n?Giấy tờ pháp lý chuẩn, công chứng ngay.', 7),
(87, 1, 2, 939555695, '44.jpg', 'Về quê tôi ', 'Trần Khắc Chân, Phường Tân Định', 4, 45, 60, 130, 2, '2022-09', '2 MẶT HẺM XE TẢI TRƯỚC SAU - CHDV - MB+15 PHÒNG - DÒNG TIỀN THU VỀ HƠN 600TR/NĂM - 151m2 - 4 TẦNG - CHỈ 13 TỶ - BAO ĐẦU TƯ\r\n\r\n- Hẻm nhựa trước nhà 6m thẳng 1 trục, cách mặt tiền 40m, thông tứ tung. Hẻm sau 5m, sạch sẽ, an ninh.\r\n\r\n- Diện tích: 151m2 ngang 4.7m2 nở hậu 10,7m, dài 20m.\r\n\r\n- CHDV: Kết cấu 1 trệt 3 lầu. Gồm mặt bằng dưới, 15 phòng khép kín. Có dòng tiền ổn định 600tr/năm.', 7),
(88, 1, 2, 972935963, '45.jpg', 'NGỘP BANK (', 'Bùi Quang Là, Phường 12', 9, 45, 60, 130, 2, '2022-10', '+ Bán Nhà Hẻm Xe Tải Tống Văn Trân, Phường 5, Quận 11, 70m2, 9 TỶ HẠ CÒN 6.3 TỶ, RẺ BẤT NGỜ, 4 Phòng\r\n\r\n------------------------------------\r\n\r\n+ Chủ Kẹt tiền cần bán gấp 6.3 tỷ thương lượng.\r\n\r\n+ Liên hệ Mr Đồng – Bất động sản. Xem và tư vấn MIỄN PHÍ, gặp CHÍNH CHỦ thương lượng giá, CAM KẾT KHÔNG KÊ GIÁ dưới mọi hình thức.\r\n\r\n* Miễn môi giới, trung gian, báo mạng.', 7),
(89, 1, 2, 913756723, '46.jpg', 'cần 200tr s', 'Tống Văn Trân, Phường 5', 12.1, 45, 60, 130, 2, '2022-11', 'Bán biệt thự đơn lập Verosa Park Khang Điền Quận 9 (TP. Thủ Đức) ***\r\n- Diện tích đất: 528m², ngang 20x26.\r\n- Xây 1 trệt 2 lầu, dtxd 485m².\r\n- Thiết kế mẫu được: 2 phòng khách, 1 phòng bếp, 5PN 6WC, 1 phòng thờ - phòng làm việc - phòng thư giãn - 4 sân vườn bao quanh nhà.\r\n- Pháp lý: Đã có sổ, công chứng sang tên ngay.\r\n- Hiện trạng: Hoàn thiện mặt ngoài, thô bên trong.\r\n- Tiện ích: Hồ bơi, gym, công viên đã hiện hữu và cư dân đang bắt đầu về ở.', 7),
(90, 1, 2, 373475903, '47.jpg', 'Bán gấp 2 c', 'Liên Phường, Phường Phú Hữu', 10, 45, 60, 130, 2, '2022-12', 'Bán Nhà 2.5 Tầng nằm tổ 2 thanh lãm. Phường phú lãm hà đông\r\nDiện tích 37m2\r\nNgõ rộng 2m. Cách đường ô tô 80m\r\nVị trí nằm ngõ 9 thanh lãm. Gần trường mầm non. Cấp 1 2', 7),
(91, 1, 2, 768614693, '48.jpg', 'Nhà cần bán', 'Đường Số 22', 6, 45, 60, 130, 2, '2022-01', '- Vị trí mặt phố ô tô tránh, ngay sát hồ Bồ Đề và chợ dân sinh, khu vực dân cư đông đúc, kinh doanh sầm uất.\r\n- Trường cấp 1,2 cách nhà 200m, trong bán kính 500m là bệnh viện Tâm Anh, Trường QT Wellsprings, công an Phường\r\n- Nhà chủ tự xây ở nên rất chắc chắn, dù ở được chục năm nhưng vẫn mới, bên cạnh nhà có khe thoáng 50cm, do vậy phòng nào cũng thoáng sáng. Nhà phù hợp vừa ở vừa kinh doanh.\r\n- Diện tích nhà 40 m2, mặt tiền 7m, nhà xây 4 tầng đầy đủ công năng.\r\n- Thiết kế:\r\n+ Tầng 1: Thông sàn', 8),
(92, 1, 2, 937930354, '49.jpg', '12 TỶ/CĂN, ', 'Phố Bồ Đề, Phường Bồ Đề', 8, 45, 60, 130, 2, '2022-02', '?12 tỷ căn / TL mạnh trả giá là bán\r\n\r\nBán 2 căn Biệt Thự 2 MT KDC Phú Hồng Thịnh 10, Full nội thất cao cấp, p.Bình An, Tp.Dĩ An\r\n\r\nDT: 111,9m2 thổ cư 100% ( 7,6X16m )\r\nDT sàn thực tế 500m2\r\n\r\nNgay đường Quốc Lộ 1K, BigC GO, Làng Đại Học Quốc Gia Tp.HCM, gần Thủ Đức\r\n\r\nThiết kế: 1 trệt 4 lầu đúc 5 tấm, Gara Ô tô 7 chỗ, 2 phòng khách, nhà ăn, 4 phòng ngủ master có nhà vệ sinh bên trong, 7wc, phòng Karaoke, phòng thờ, phòng giặt, sân thượng, ban công,', 8),
(93, 1, 2, 902514989, '50.jpg', 'Bán biệt th', 'Quốc lộ 1K, Phường Bình An', 11, 45, 60, 130, 2, '2022-03', '-Tôi cần bán căn nhà xây dựng kiên cố,bê tông,cốt thép,làm để ở nên làm bằng tâm huyết của mình nay vì gđ\r\n\r\nchuyển về quê ở phụng dưỡng Bố Mẹ lớn tuổi nên cần bán.\r\n\r\n-Nhà tôi xây tháng 2 âm lịch năm nay 2023 vừa tròn 2 tháng,nhà mới 100%,thiết bị gia dụng tôi sử dụng toàn\r\n\r\nhàng tốt,hàng có thương hiệu nên nhìn nhà rất sang trọng và hiện đại.\r\n\r\n-Nhà tôi xây dựng có thiết kế rõ ràng,công năng sử dụng tối ưu,gồm sân xe hơi', 8),
(94, 1, 2, 969255105, '51.jpg', 'NHÀ MỚI 1 T', 'Phường Tân Định, Thị xã Bến Cát', 4, 45, 60, 130, 2, '2022-04', 'Tôi Chính Chủ Bán 2 Căn Nhà liền kề, mới, đẹp, hiện đại, có thang máy, nước nóng Năng lượng mặt trời, nội thất đầy đủ hiện đại ( gia đình chuyển công tác nên muốn bán để chuyển đổi)\r\n- Mặt Tiền: Ngô Quyền, Sơn Trà, Đà Nẵng. Đường rộng 10 làn xe, có thể xây khách sạn, mở quán ăn , xe 50 chỗ đậu thoải mái.\r\n- Gần Trường Học 200m- 600m cấp 1.2.3, gần chợ mai, chợ chiều 600m, gần siêu thị coopmart, vinmart, gần ủy ban . ra bãi biển 900m. Gần Bà Linh ứng, quán Hải Sản Bé Mặn, Eo Biển nổi tiếng . Gần ', 8),
(95, 1, 2, 522452021, '52.jpg', 'BÁN NHÀ 151', '39, Ngô Quyền, Phường Thọ Quang, Quận Sơn Trà', 3, 45, 60, 130, 2, '2022-05', 'Nhà xây hoàn thiện 1 trệt 1 lầu đúc bê tông kiên cố trên diện tích 5 v15 =75 m2 đất ở đô thị (thổ cư).Nhà rất rộng,đẹp,yên tĩnh,an ninh,thoáng mát.bao gồm 2 phòng ngủ riêng,2 phòng khách rộng,2 phòng vệ sinh,bếp,ban công,sân....điện nước riêng biệt.Đường đi 3m.hẻm xe hơi.Tất cả sẵn sàng chi vào là ở.Giấy tờ đầy đủ có sẵn hợp lệ.(không thuộc quy hoạch,không tranh chấp...)Địa chỉ hẻm 470 đường 925 khu vực Thạnh Hưng, phường Thường Thạnh,quận Cái Răng,tp.Cần Thơ. Giá1 tỷ 150 rất phù hợp..Cảm ơn quý', 8),
(96, 1, 2, 904789542, '53.jpg', 'Chính Chủ B', 'Hẻm nhà trọ 470, Đường 925', 5, 45, 60, 130, 2, '2022-06', 'Mô tả:\r\n?Nhà thiết kế 3 tầng đúc BTCT gồm phòng khách, phòng bếp, 3 phòng ngủ, phòng giặc, ban công.\r\n?Vị trí ngay trung tâm gần chợ Tân Định gần mặt tiền, tương lai ra mặt tiền giá trị tăng cao.\r\n?Nhà chính chủ mấy chục năm đến nay.\r\nPhù hợp mua ở, cho thuê, đầu tư, Phụ huynh mua cho con đi học.\r\n?Khu vực rất hiếm nhà bán, chỉ 2 tỷ2 tìm nhà 3 tầng đúc Quận 1 không ra.\r\n?Giấy tờ pháp lý chuẩn, công chứng ngay.', 8),
(97, 1, 2, 939555695, '54.jpg', 'Bán Nhà Mặt', 'Trần Khắc Chân, Phường Tân Định', 7, 45, 60, 130, 2, '2022-07', '2 MẶT HẺM XE TẢI TRƯỚC SAU - CHDV - MB+15 PHÒNG - DÒNG TIỀN THU VỀ HƠN 600TR/NĂM - 151m2 - 4 TẦNG - CHỈ 13 TỶ - BAO ĐẦU TƯ\r\n\r\n- Hẻm nhựa trước nhà 6m thẳng 1 trục, cách mặt tiền 40m, thông tứ tung. Hẻm sau 5m, sạch sẽ, an ninh.\r\n\r\n- Diện tích: 151m2 ngang 4.7m2 nở hậu 10,7m, dài 20m.\r\n\r\n- CHDV: Kết cấu 1 trệt 3 lầu. Gồm mặt bằng dưới, 15 phòng khép kín. Có dòng tiền ổn định 600tr/năm.', 8),
(98, 1, 2, 972935963, '55.jpg', 'Nguyễn Văn ', 'Bùi Quang Là, Phường 12', 9, 45, 60, 130, 2, '2022-08', '+ Bán Nhà Hẻm Xe Tải Tống Văn Trân, Phường 5, Quận 11, 70m2, 9 TỶ HẠ CÒN 6.3 TỶ, RẺ BẤT NGỜ, 4 Phòng\r\n\r\n------------------------------------\r\n\r\n+ Chủ Kẹt tiền cần bán gấp 6.3 tỷ thương lượng.\r\n\r\n+ Liên hệ Mr Đồng – Bất động sản. Xem và tư vấn MIỄN PHÍ, gặp CHÍNH CHỦ thương lượng giá, CAM KẾT KHÔNG KÊ GIÁ dưới mọi hình thức.\r\n\r\n* Miễn môi giới, trung gian, báo mạng.', 8);
INSERT INTO `tbl_information` (`information_code`, `business_code`, `category_code`, `phone_number`, `picture`, `title`, `address`, `price`, `acreage`, `width`, `length`, `room`, `date_time`, `description`, `area_code`) VALUES
(99, 1, 2, 913756723, '56.jpg', 'NGAY ĐẦM SE', 'Tống Văn Trân, Phường 5', 2, 45, 60, 130, 2, '2022-09', 'Bán biệt thự đơn lập Verosa Park Khang Điền Quận 9 (TP. Thủ Đức) ***\r\n- Diện tích đất: 528m², ngang 20x26.\r\n- Xây 1 trệt 2 lầu, dtxd 485m².\r\n- Thiết kế mẫu được: 2 phòng khách, 1 phòng bếp, 5PN 6WC, 1 phòng thờ - phòng làm việc - phòng thư giãn - 4 sân vườn bao quanh nhà.\r\n- Pháp lý: Đã có sổ, công chứng sang tên ngay.\r\n- Hiện trạng: Hoàn thiện mặt ngoài, thô bên trong.\r\n- Tiện ích: Hồ bơi, gym, công viên đã hiện hữu và cư dân đang bắt đầu về ở.', 8),
(100, 1, 2, 373475903, '57.jpg', '?BÁN NHÀ HX', 'Liên Phường, Phường Phú Hữu', 4, 45, 60, 130, 2, '2022-10', 'Bán Nhà 2.5 Tầng nằm tổ 2 thanh lãm. Phường phú lãm hà đông\r\nDiện tích 37m2\r\nNgõ rộng 2m. Cách đường ô tô 80m\r\nVị trí nằm ngõ 9 thanh lãm. Gần trường mầm non. Cấp 1 2', 8),
(101, 1, 3, 768614693, '58.jpg', 'HẺM TRỰC TH', 'Đường Số 22', 6, 45, 60, 130, 2, '2022-11', '- Vị trí mặt phố ô tô tránh, ngay sát hồ Bồ Đề và chợ dân sinh, khu vực dân cư đông đúc, kinh doanh sầm uất.\r\n- Trường cấp 1,2 cách nhà 200m, trong bán kính 500m là bệnh viện Tâm Anh, Trường QT Wellsprings, công an Phường\r\n- Nhà chủ tự xây ở nên rất chắc chắn, dù ở được chục năm nhưng vẫn mới, bên cạnh nhà có khe thoáng 50cm, do vậy phòng nào cũng thoáng sáng. Nhà phù hợp vừa ở vừa kinh doanh.\r\n- Diện tích nhà 40 m2, mặt tiền 7m, nhà xây 4 tầng đầy đủ công năng.\r\n- Thiết kế:\r\n+ Tầng 1: Thông sàn', 8),
(102, 1, 3, 937930354, '59.jpg', 'Nhà 4.3x13m', 'Phố Bồ Đề, Phường Bồ Đề', 8, 45, 60, 130, 2, '2022-12', '?12 tỷ căn / TL mạnh trả giá là bán\r\n\r\nBán 2 căn Biệt Thự 2 MT KDC Phú Hồng Thịnh 10, Full nội thất cao cấp, p.Bình An, Tp.Dĩ An\r\n\r\nDT: 111,9m2 thổ cư 100% ( 7,6X16m )\r\nDT sàn thực tế 500m2\r\n\r\nNgay đường Quốc Lộ 1K, BigC GO, Làng Đại Học Quốc Gia Tp.HCM, gần Thủ Đức\r\n\r\nThiết kế: 1 trệt 4 lầu đúc 5 tấm, Gara Ô tô 7 chỗ, 2 phòng khách, nhà ăn, 4 phòng ngủ master có nhà vệ sinh bên trong, 7wc, phòng Karaoke, phòng thờ, phòng giặt, sân thượng, ban công,', 8),
(103, 1, 3, 902514989, '60.jpg', 'MẶT PHỐ BỒ ', 'Quốc lộ 1K, Phường Bình An', 10, 45, 60, 130, 2, '2022-01', '-Tôi cần bán căn nhà xây dựng kiên cố,bê tông,cốt thép,làm để ở nên làm bằng tâm huyết của mình nay vì gđ\r\n\r\nchuyển về quê ở phụng dưỡng Bố Mẹ lớn tuổi nên cần bán.\r\n\r\n-Nhà tôi xây tháng 2 âm lịch năm nay 2023 vừa tròn 2 tháng,nhà mới 100%,thiết bị gia dụng tôi sử dụng toàn\r\n\r\nhàng tốt,hàng có thương hiệu nên nhìn nhà rất sang trọng và hiện đại.\r\n\r\n-Nhà tôi xây dựng có thiết kế rõ ràng,công năng sử dụng tối ưu,gồm sân xe hơi', 9),
(104, 1, 3, 969255105, '61.jpg', 'Bán nhà hẻm', 'Phường Tân Định, Thị xã Bến Cát', 15, 45, 60, 130, 2, '2022-02', 'Tôi Chính Chủ Bán 2 Căn Nhà liền kề, mới, đẹp, hiện đại, có thang máy, nước nóng Năng lượng mặt trời, nội thất đầy đủ hiện đại ( gia đình chuyển công tác nên muốn bán để chuyển đổi)\r\n- Mặt Tiền: Ngô Quyền, Sơn Trà, Đà Nẵng. Đường rộng 10 làn xe, có thể xây khách sạn, mở quán ăn , xe 50 chỗ đậu thoải mái.\r\n- Gần Trường Học 200m- 600m cấp 1.2.3, gần chợ mai, chợ chiều 600m, gần siêu thị coopmart, vinmart, gần ủy ban . ra bãi biển 900m. Gần Bà Linh ứng, quán Hải Sản Bé Mặn, Eo Biển nổi tiếng . Gần ', 9),
(105, 1, 3, 522452021, '62.jpg', 'Bán Massge ', '39, Ngô Quyền, Phường Thọ Quang, Quận Sơn Trà', 13, 45, 60, 130, 2, '2022-03', 'Nhà xây hoàn thiện 1 trệt 1 lầu đúc bê tông kiên cố trên diện tích 5 v15 =75 m2 đất ở đô thị (thổ cư).Nhà rất rộng,đẹp,yên tĩnh,an ninh,thoáng mát.bao gồm 2 phòng ngủ riêng,2 phòng khách rộng,2 phòng vệ sinh,bếp,ban công,sân....điện nước riêng biệt.Đường đi 3m.hẻm xe hơi.Tất cả sẵn sàng chi vào là ở.Giấy tờ đầy đủ có sẵn hợp lệ.(không thuộc quy hoạch,không tranh chấp...)Địa chỉ hẻm 470 đường 925 khu vực Thạnh Hưng, phường Thường Thạnh,quận Cái Răng,tp.Cần Thơ. Giá1 tỷ 150 rất phù hợp..Cảm ơn quý', 9),
(106, 1, 3, 904789542, '63.jpg', 'MT Ngô Quyề', 'Hẻm nhà trọ 470, Đường 925', 6.7, 45, 60, 130, 2, '2022-04', 'Mô tả:\r\n?Nhà thiết kế 3 tầng đúc BTCT gồm phòng khách, phòng bếp, 3 phòng ngủ, phòng giặc, ban công.\r\n?Vị trí ngay trung tâm gần chợ Tân Định gần mặt tiền, tương lai ra mặt tiền giá trị tăng cao.\r\n?Nhà chính chủ mấy chục năm đến nay.\r\nPhù hợp mua ở, cho thuê, đầu tư, Phụ huynh mua cho con đi học.\r\n?Khu vực rất hiếm nhà bán, chỉ 2 tỷ2 tìm nhà 3 tầng đúc Quận 1 không ra.\r\n?Giấy tờ pháp lý chuẩn, công chứng ngay.', 9),
(107, 1, 3, 939555695, '64.jpg', 'Về quê tôi ', 'Trần Khắc Chân, Phường Tân Định', 9, 45, 60, 130, 2, '2022-05', '2 MẶT HẺM XE TẢI TRƯỚC SAU - CHDV - MB+15 PHÒNG - DÒNG TIỀN THU VỀ HƠN 600TR/NĂM - 151m2 - 4 TẦNG - CHỈ 13 TỶ - BAO ĐẦU TƯ\r\n\r\n- Hẻm nhựa trước nhà 6m thẳng 1 trục, cách mặt tiền 40m, thông tứ tung. Hẻm sau 5m, sạch sẽ, an ninh.\r\n\r\n- Diện tích: 151m2 ngang 4.7m2 nở hậu 10,7m, dài 20m.\r\n\r\n- CHDV: Kết cấu 1 trệt 3 lầu. Gồm mặt bằng dưới, 15 phòng khép kín. Có dòng tiền ổn định 600tr/năm.', 9),
(108, 1, 3, 972935963, '65.jpg', 'NGỘP BANK (', 'Bùi Quang Là, Phường 12', 3, 45, 60, 130, 2, '2022-06', '+ Bán Nhà Hẻm Xe Tải Tống Văn Trân, Phường 5, Quận 11, 70m2, 9 TỶ HẠ CÒN 6.3 TỶ, RẺ BẤT NGỜ, 4 Phòng\r\n\r\n------------------------------------\r\n\r\n+ Chủ Kẹt tiền cần bán gấp 6.3 tỷ thương lượng.\r\n\r\n+ Liên hệ Mr Đồng – Bất động sản. Xem và tư vấn MIỄN PHÍ, gặp CHÍNH CHỦ thương lượng giá, CAM KẾT KHÔNG KÊ GIÁ dưới mọi hình thức.\r\n\r\n* Miễn môi giới, trung gian, báo mạng.', 9),
(109, 1, 3, 913756723, '66.jpg', 'cần 200tr s', 'Tống Văn Trân, Phường 5', 5, 45, 60, 130, 2, '2022-07', 'Bán biệt thự đơn lập Verosa Park Khang Điền Quận 9 (TP. Thủ Đức) ***\r\n- Diện tích đất: 528m², ngang 20x26.\r\n- Xây 1 trệt 2 lầu, dtxd 485m².\r\n- Thiết kế mẫu được: 2 phòng khách, 1 phòng bếp, 5PN 6WC, 1 phòng thờ - phòng làm việc - phòng thư giãn - 4 sân vườn bao quanh nhà.\r\n- Pháp lý: Đã có sổ, công chứng sang tên ngay.\r\n- Hiện trạng: Hoàn thiện mặt ngoài, thô bên trong.\r\n- Tiện ích: Hồ bơi, gym, công viên đã hiện hữu và cư dân đang bắt đầu về ở.', 9),
(110, 1, 3, 373475903, '67.jpg', 'Bán gấp 2 c', 'Liên Phường, Phường Phú Hữu', 6, 45, 60, 130, 2, '2022-08', 'Bán Nhà 2.5 Tầng nằm tổ 2 thanh lãm. Phường phú lãm hà đông\r\nDiện tích 37m2\r\nNgõ rộng 2m. Cách đường ô tô 80m\r\nVị trí nằm ngõ 9 thanh lãm. Gần trường mầm non. Cấp 1 2', 9),
(111, 1, 3, 768614693, '68.jpg', 'Nhà cần bán', 'Đường Số 22', 9, 45, 60, 130, 2, '2022-09', '- Vị trí mặt phố ô tô tránh, ngay sát hồ Bồ Đề và chợ dân sinh, khu vực dân cư đông đúc, kinh doanh sầm uất.\r\n- Trường cấp 1,2 cách nhà 200m, trong bán kính 500m là bệnh viện Tâm Anh, Trường QT Wellsprings, công an Phường\r\n- Nhà chủ tự xây ở nên rất chắc chắn, dù ở được chục năm nhưng vẫn mới, bên cạnh nhà có khe thoáng 50cm, do vậy phòng nào cũng thoáng sáng. Nhà phù hợp vừa ở vừa kinh doanh.\r\n- Diện tích nhà 40 m2, mặt tiền 7m, nhà xây 4 tầng đầy đủ công năng.\r\n- Thiết kế:\r\n+ Tầng 1: Thông sàn', 9),
(112, 1, 3, 937930354, '69.jpg', '12 TỶ/CĂN, ', 'Phố Bồ Đề, Phường Bồ Đề', 5, 45, 60, 130, 2, '2022-10', '?12 tỷ căn / TL mạnh trả giá là bán\r\n\r\nBán 2 căn Biệt Thự 2 MT KDC Phú Hồng Thịnh 10, Full nội thất cao cấp, p.Bình An, Tp.Dĩ An\r\n\r\nDT: 111,9m2 thổ cư 100% ( 7,6X16m )\r\nDT sàn thực tế 500m2\r\n\r\nNgay đường Quốc Lộ 1K, BigC GO, Làng Đại Học Quốc Gia Tp.HCM, gần Thủ Đức\r\n\r\nThiết kế: 1 trệt 4 lầu đúc 5 tấm, Gara Ô tô 7 chỗ, 2 phòng khách, nhà ăn, 4 phòng ngủ master có nhà vệ sinh bên trong, 7wc, phòng Karaoke, phòng thờ, phòng giặt, sân thượng, ban công,', 9),
(113, 1, 3, 902514989, '70.jpg', 'Bán biệt th', 'Quốc lộ 1K, Phường Bình An', 4, 45, 60, 130, 2, '2022-11', '-Tôi cần bán căn nhà xây dựng kiên cố,bê tông,cốt thép,làm để ở nên làm bằng tâm huyết của mình nay vì gđ\r\n\r\nchuyển về quê ở phụng dưỡng Bố Mẹ lớn tuổi nên cần bán.\r\n\r\n-Nhà tôi xây tháng 2 âm lịch năm nay 2023 vừa tròn 2 tháng,nhà mới 100%,thiết bị gia dụng tôi sử dụng toàn\r\n\r\nhàng tốt,hàng có thương hiệu nên nhìn nhà rất sang trọng và hiện đại.\r\n\r\n-Nhà tôi xây dựng có thiết kế rõ ràng,công năng sử dụng tối ưu,gồm sân xe hơi', 9),
(114, 1, 3, 969255105, '71.jpg', 'NHÀ MỚI 1 T', 'Phường Tân Định, Thị xã Bến Cát', 1, 45, 60, 130, 2, '2022-12', 'Tôi Chính Chủ Bán 2 Căn Nhà liền kề, mới, đẹp, hiện đại, có thang máy, nước nóng Năng lượng mặt trời, nội thất đầy đủ hiện đại ( gia đình chuyển công tác nên muốn bán để chuyển đổi)\r\n- Mặt Tiền: Ngô Quyền, Sơn Trà, Đà Nẵng. Đường rộng 10 làn xe, có thể xây khách sạn, mở quán ăn , xe 50 chỗ đậu thoải mái.\r\n- Gần Trường Học 200m- 600m cấp 1.2.3, gần chợ mai, chợ chiều 600m, gần siêu thị coopmart, vinmart, gần ủy ban . ra bãi biển 900m. Gần Bà Linh ứng, quán Hải Sản Bé Mặn, Eo Biển nổi tiếng . Gần ', 9),
(115, 1, 3, 522452021, '72.jpg', 'BÁN NHÀ 151', '39, Ngô Quyền, Phường Thọ Quang, Quận Sơn Trà', 3, 45, 60, 130, 2, '2022-01', 'Nhà xây hoàn thiện 1 trệt 1 lầu đúc bê tông kiên cố trên diện tích 5 v15 =75 m2 đất ở đô thị (thổ cư).Nhà rất rộng,đẹp,yên tĩnh,an ninh,thoáng mát.bao gồm 2 phòng ngủ riêng,2 phòng khách rộng,2 phòng vệ sinh,bếp,ban công,sân....điện nước riêng biệt.Đường đi 3m.hẻm xe hơi.Tất cả sẵn sàng chi vào là ở.Giấy tờ đầy đủ có sẵn hợp lệ.(không thuộc quy hoạch,không tranh chấp...)Địa chỉ hẻm 470 đường 925 khu vực Thạnh Hưng, phường Thường Thạnh,quận Cái Răng,tp.Cần Thơ. Giá1 tỷ 150 rất phù hợp..Cảm ơn quý', 10),
(116, 1, 3, 904789542, '73.jpg', 'Chính Chủ B', 'Hẻm nhà trọ 470, Đường 925', 8, 45, 60, 130, 2, '2022-02', 'Mô tả:\r\n?Nhà thiết kế 3 tầng đúc BTCT gồm phòng khách, phòng bếp, 3 phòng ngủ, phòng giặc, ban công.\r\n?Vị trí ngay trung tâm gần chợ Tân Định gần mặt tiền, tương lai ra mặt tiền giá trị tăng cao.\r\n?Nhà chính chủ mấy chục năm đến nay.\r\nPhù hợp mua ở, cho thuê, đầu tư, Phụ huynh mua cho con đi học.\r\n?Khu vực rất hiếm nhà bán, chỉ 2 tỷ2 tìm nhà 3 tầng đúc Quận 1 không ra.\r\n?Giấy tờ pháp lý chuẩn, công chứng ngay.', 10),
(117, 1, 3, 939555695, '74.jpg', 'Bán Nhà Mặt', 'Trần Khắc Chân, Phường Tân Định', 4.3, 45, 60, 130, 2, '2022-03', '2 MẶT HẺM XE TẢI TRƯỚC SAU - CHDV - MB+15 PHÒNG - DÒNG TIỀN THU VỀ HƠN 600TR/NĂM - 151m2 - 4 TẦNG - CHỈ 13 TỶ - BAO ĐẦU TƯ\r\n\r\n- Hẻm nhựa trước nhà 6m thẳng 1 trục, cách mặt tiền 40m, thông tứ tung. Hẻm sau 5m, sạch sẽ, an ninh.\r\n\r\n- Diện tích: 151m2 ngang 4.7m2 nở hậu 10,7m, dài 20m.\r\n\r\n- CHDV: Kết cấu 1 trệt 3 lầu. Gồm mặt bằng dưới, 15 phòng khép kín. Có dòng tiền ổn định 600tr/năm.', 10),
(118, 1, 3, 972935963, '75.jpg', 'Nguyễn Văn ', 'Bùi Quang Là, Phường 12', 4, 45, 60, 130, 2, '2022-04', '+ Bán Nhà Hẻm Xe Tải Tống Văn Trân, Phường 5, Quận 11, 70m2, 9 TỶ HẠ CÒN 6.3 TỶ, RẺ BẤT NGỜ, 4 Phòng\r\n\r\n------------------------------------\r\n\r\n+ Chủ Kẹt tiền cần bán gấp 6.3 tỷ thương lượng.\r\n\r\n+ Liên hệ Mr Đồng – Bất động sản. Xem và tư vấn MIỄN PHÍ, gặp CHÍNH CHỦ thương lượng giá, CAM KẾT KHÔNG KÊ GIÁ dưới mọi hình thức.\r\n\r\n* Miễn môi giới, trung gian, báo mạng.', 10),
(119, 1, 3, 913756723, '76.jpg', 'NGAY ĐẦM SE', 'Tống Văn Trân, Phường 5', 2, 45, 60, 130, 2, '2022-05', 'Bán biệt thự đơn lập Verosa Park Khang Điền Quận 9 (TP. Thủ Đức) ***\r\n- Diện tích đất: 528m², ngang 20x26.\r\n- Xây 1 trệt 2 lầu, dtxd 485m².\r\n- Thiết kế mẫu được: 2 phòng khách, 1 phòng bếp, 5PN 6WC, 1 phòng thờ - phòng làm việc - phòng thư giãn - 4 sân vườn bao quanh nhà.\r\n- Pháp lý: Đã có sổ, công chứng sang tên ngay.\r\n- Hiện trạng: Hoàn thiện mặt ngoài, thô bên trong.\r\n- Tiện ích: Hồ bơi, gym, công viên đã hiện hữu và cư dân đang bắt đầu về ở.', 10),
(120, 1, 3, 373475903, '77.jpg', '?BÁN NHÀ HX', 'Liên Phường, Phường Phú Hữu', 8, 45, 60, 130, 2, '2022-06', 'Bán Nhà 2.5 Tầng nằm tổ 2 thanh lãm. Phường phú lãm hà đông\r\nDiện tích 37m2\r\nNgõ rộng 2m. Cách đường ô tô 80m\r\nVị trí nằm ngõ 9 thanh lãm. Gần trường mầm non. Cấp 1 2', 10),
(121, 1, 3, 768614693, '78.jpg', 'HẺM TRỰC TH', 'Đường Số 22', 1.12, 45, 60, 130, 2, '2022-07', '- Vị trí mặt phố ô tô tránh, ngay sát hồ Bồ Đề và chợ dân sinh, khu vực dân cư đông đúc, kinh doanh sầm uất.\r\n- Trường cấp 1,2 cách nhà 200m, trong bán kính 500m là bệnh viện Tâm Anh, Trường QT Wellsprings, công an Phường\r\n- Nhà chủ tự xây ở nên rất chắc chắn, dù ở được chục năm nhưng vẫn mới, bên cạnh nhà có khe thoáng 50cm, do vậy phòng nào cũng thoáng sáng. Nhà phù hợp vừa ở vừa kinh doanh.\r\n- Diện tích nhà 40 m2, mặt tiền 7m, nhà xây 4 tầng đầy đủ công năng.\r\n- Thiết kế:\r\n+ Tầng 1: Thông sàn', 10),
(122, 1, 3, 937930354, '79.jpg', 'Nhà 4.3x13m', 'Phố Bồ Đề, Phường Bồ Đề', 4, 45, 60, 130, 2, '2022-08', '?12 tỷ căn / TL mạnh trả giá là bán\r\n\r\nBán 2 căn Biệt Thự 2 MT KDC Phú Hồng Thịnh 10, Full nội thất cao cấp, p.Bình An, Tp.Dĩ An\r\n\r\nDT: 111,9m2 thổ cư 100% ( 7,6X16m )\r\nDT sàn thực tế 500m2\r\n\r\nNgay đường Quốc Lộ 1K, BigC GO, Làng Đại Học Quốc Gia Tp.HCM, gần Thủ Đức\r\n\r\nThiết kế: 1 trệt 4 lầu đúc 5 tấm, Gara Ô tô 7 chỗ, 2 phòng khách, nhà ăn, 4 phòng ngủ master có nhà vệ sinh bên trong, 7wc, phòng Karaoke, phòng thờ, phòng giặt, sân thượng, ban công,', 10),
(123, 1, 3, 902514989, '80.jpg', 'MẶT PHỐ BỒ ', 'Quốc lộ 1K, Phường Bình An', 1, 45, 60, 130, 2, '2022-09', '-Tôi cần bán căn nhà xây dựng kiên cố,bê tông,cốt thép,làm để ở nên làm bằng tâm huyết của mình nay vì gđ\r\n\r\nchuyển về quê ở phụng dưỡng Bố Mẹ lớn tuổi nên cần bán.\r\n\r\n-Nhà tôi xây tháng 2 âm lịch năm nay 2023 vừa tròn 2 tháng,nhà mới 100%,thiết bị gia dụng tôi sử dụng toàn\r\n\r\nhàng tốt,hàng có thương hiệu nên nhìn nhà rất sang trọng và hiện đại.\r\n\r\n-Nhà tôi xây dựng có thiết kế rõ ràng,công năng sử dụng tối ưu,gồm sân xe hơi', 10),
(124, 1, 3, 969255105, '81.jpg', 'Bán nhà hẻm', 'Phường Tân Định, Thị xã Bến Cát', 5, 45, 60, 130, 2, '2022-10', 'Tôi Chính Chủ Bán 2 Căn Nhà liền kề, mới, đẹp, hiện đại, có thang máy, nước nóng Năng lượng mặt trời, nội thất đầy đủ hiện đại ( gia đình chuyển công tác nên muốn bán để chuyển đổi)\r\n- Mặt Tiền: Ngô Quyền, Sơn Trà, Đà Nẵng. Đường rộng 10 làn xe, có thể xây khách sạn, mở quán ăn , xe 50 chỗ đậu thoải mái.\r\n- Gần Trường Học 200m- 600m cấp 1.2.3, gần chợ mai, chợ chiều 600m, gần siêu thị coopmart, vinmart, gần ủy ban . ra bãi biển 900m. Gần Bà Linh ứng, quán Hải Sản Bé Mặn, Eo Biển nổi tiếng . Gần ', 10),
(125, 1, 3, 522452021, '82.jpg', 'Bán Massge ', '39, Ngô Quyền, Phường Thọ Quang, Quận Sơn Trà', 6, 45, 60, 130, 2, '2022-11', 'Nhà xây hoàn thiện 1 trệt 1 lầu đúc bê tông kiên cố trên diện tích 5 v15 =75 m2 đất ở đô thị (thổ cư).Nhà rất rộng,đẹp,yên tĩnh,an ninh,thoáng mát.bao gồm 2 phòng ngủ riêng,2 phòng khách rộng,2 phòng vệ sinh,bếp,ban công,sân....điện nước riêng biệt.Đường đi 3m.hẻm xe hơi.Tất cả sẵn sàng chi vào là ở.Giấy tờ đầy đủ có sẵn hợp lệ.(không thuộc quy hoạch,không tranh chấp...)Địa chỉ hẻm 470 đường 925 khu vực Thạnh Hưng, phường Thường Thạnh,quận Cái Răng,tp.Cần Thơ. Giá1 tỷ 150 rất phù hợp..Cảm ơn quý', 10),
(126, 1, 3, 904789542, '83.jpg', 'MT Ngô Quyề', 'Hẻm nhà trọ 470, Đường 925', 6, 45, 60, 130, 2, '2022-12', 'Mô tả:\r\n?Nhà thiết kế 3 tầng đúc BTCT gồm phòng khách, phòng bếp, 3 phòng ngủ, phòng giặc, ban công.\r\n?Vị trí ngay trung tâm gần chợ Tân Định gần mặt tiền, tương lai ra mặt tiền giá trị tăng cao.\r\n?Nhà chính chủ mấy chục năm đến nay.\r\nPhù hợp mua ở, cho thuê, đầu tư, Phụ huynh mua cho con đi học.\r\n?Khu vực rất hiếm nhà bán, chỉ 2 tỷ2 tìm nhà 3 tầng đúc Quận 1 không ra.\r\n?Giấy tờ pháp lý chuẩn, công chứng ngay.', 10),
(127, 1, 3, 939555695, '84.jpg', 'Về quê tôi ', 'Trần Khắc Chân, Phường Tân Định', 6, 45, 60, 130, 2, '2022-01', '2 MẶT HẺM XE TẢI TRƯỚC SAU - CHDV - MB+15 PHÒNG - DÒNG TIỀN THU VỀ HƠN 600TR/NĂM - 151m2 - 4 TẦNG - CHỈ 13 TỶ - BAO ĐẦU TƯ\r\n\r\n- Hẻm nhựa trước nhà 6m thẳng 1 trục, cách mặt tiền 40m, thông tứ tung. Hẻm sau 5m, sạch sẽ, an ninh.\r\n\r\n- Diện tích: 151m2 ngang 4.7m2 nở hậu 10,7m, dài 20m.\r\n\r\n- CHDV: Kết cấu 1 trệt 3 lầu. Gồm mặt bằng dưới, 15 phòng khép kín. Có dòng tiền ổn định 600tr/năm.', 11),
(128, 1, 3, 972935963, '85.jpg', 'NGỘP BANK (', 'Bùi Quang Là, Phường 12', 6, 45, 60, 130, 2, '2022-02', '+ Bán Nhà Hẻm Xe Tải Tống Văn Trân, Phường 5, Quận 11, 70m2, 9 TỶ HẠ CÒN 6.3 TỶ, RẺ BẤT NGỜ, 4 Phòng\r\n\r\n------------------------------------\r\n\r\n+ Chủ Kẹt tiền cần bán gấp 6.3 tỷ thương lượng.\r\n\r\n+ Liên hệ Mr Đồng – Bất động sản. Xem và tư vấn MIỄN PHÍ, gặp CHÍNH CHỦ thương lượng giá, CAM KẾT KHÔNG KÊ GIÁ dưới mọi hình thức.\r\n\r\n* Miễn môi giới, trung gian, báo mạng.', 11),
(129, 1, 3, 913756723, '86.jpg', 'cần 200tr s', 'Tống Văn Trân, Phường 5', 6, 45, 60, 130, 2, '2022-03', 'Bán biệt thự đơn lập Verosa Park Khang Điền Quận 9 (TP. Thủ Đức) ***\r\n- Diện tích đất: 528m², ngang 20x26.\r\n- Xây 1 trệt 2 lầu, dtxd 485m².\r\n- Thiết kế mẫu được: 2 phòng khách, 1 phòng bếp, 5PN 6WC, 1 phòng thờ - phòng làm việc - phòng thư giãn - 4 sân vườn bao quanh nhà.\r\n- Pháp lý: Đã có sổ, công chứng sang tên ngay.\r\n- Hiện trạng: Hoàn thiện mặt ngoài, thô bên trong.\r\n- Tiện ích: Hồ bơi, gym, công viên đã hiện hữu và cư dân đang bắt đầu về ở.', 11),
(130, 1, 3, 373475903, '87.jpg', 'Bán gấp 2 c', 'Liên Phường, Phường Phú Hữu', 7, 45, 60, 130, 2, '2022-04', 'Bán Nhà 2.5 Tầng nằm tổ 2 thanh lãm. Phường phú lãm hà đông\r\nDiện tích 37m2\r\nNgõ rộng 2m. Cách đường ô tô 80m\r\nVị trí nằm ngõ 9 thanh lãm. Gần trường mầm non. Cấp 1 2', 11),
(131, 1, 3, 768614693, '88.jpg', 'Nhà cần bán', 'Đường Số 22', 4, 45, 60, 130, 2, '2022-05', '- Vị trí mặt phố ô tô tránh, ngay sát hồ Bồ Đề và chợ dân sinh, khu vực dân cư đông đúc, kinh doanh sầm uất.\r\n- Trường cấp 1,2 cách nhà 200m, trong bán kính 500m là bệnh viện Tâm Anh, Trường QT Wellsprings, công an Phường\r\n- Nhà chủ tự xây ở nên rất chắc chắn, dù ở được chục năm nhưng vẫn mới, bên cạnh nhà có khe thoáng 50cm, do vậy phòng nào cũng thoáng sáng. Nhà phù hợp vừa ở vừa kinh doanh.\r\n- Diện tích nhà 40 m2, mặt tiền 7m, nhà xây 4 tầng đầy đủ công năng.\r\n- Thiết kế:\r\n+ Tầng 1: Thông sàn', 11),
(132, 1, 3, 937930354, '89.jpg', '12 TỶ/CĂN, ', 'Phố Bồ Đề, Phường Bồ Đề', 7, 45, 60, 130, 2, '2022-06', '?12 tỷ căn / TL mạnh trả giá là bán\r\n\r\nBán 2 căn Biệt Thự 2 MT KDC Phú Hồng Thịnh 10, Full nội thất cao cấp, p.Bình An, Tp.Dĩ An\r\n\r\nDT: 111,9m2 thổ cư 100% ( 7,6X16m )\r\nDT sàn thực tế 500m2\r\n\r\nNgay đường Quốc Lộ 1K, BigC GO, Làng Đại Học Quốc Gia Tp.HCM, gần Thủ Đức\r\n\r\nThiết kế: 1 trệt 4 lầu đúc 5 tấm, Gara Ô tô 7 chỗ, 2 phòng khách, nhà ăn, 4 phòng ngủ master có nhà vệ sinh bên trong, 7wc, phòng Karaoke, phòng thờ, phòng giặt, sân thượng, ban công,', 11),
(133, 1, 3, 902514989, '90.jpg', 'Bán biệt th', 'Quốc lộ 1K, Phường Bình An', 7, 45, 60, 130, 2, '2022-07', '-Tôi cần bán căn nhà xây dựng kiên cố,bê tông,cốt thép,làm để ở nên làm bằng tâm huyết của mình nay vì gđ\r\n\r\nchuyển về quê ở phụng dưỡng Bố Mẹ lớn tuổi nên cần bán.\r\n\r\n-Nhà tôi xây tháng 2 âm lịch năm nay 2023 vừa tròn 2 tháng,nhà mới 100%,thiết bị gia dụng tôi sử dụng toàn\r\n\r\nhàng tốt,hàng có thương hiệu nên nhìn nhà rất sang trọng và hiện đại.\r\n\r\n-Nhà tôi xây dựng có thiết kế rõ ràng,công năng sử dụng tối ưu,gồm sân xe hơi', 11),
(134, 1, 3, 969255105, '91.jpg', 'NHÀ MỚI 1 T', 'Phường Tân Định, Thị xã Bến Cát', 7, 45, 60, 130, 2, '2022-08', 'Tôi Chính Chủ Bán 2 Căn Nhà liền kề, mới, đẹp, hiện đại, có thang máy, nước nóng Năng lượng mặt trời, nội thất đầy đủ hiện đại ( gia đình chuyển công tác nên muốn bán để chuyển đổi)\r\n- Mặt Tiền: Ngô Quyền, Sơn Trà, Đà Nẵng. Đường rộng 10 làn xe, có thể xây khách sạn, mở quán ăn , xe 50 chỗ đậu thoải mái.\r\n- Gần Trường Học 200m- 600m cấp 1.2.3, gần chợ mai, chợ chiều 600m, gần siêu thị coopmart, vinmart, gần ủy ban . ra bãi biển 900m. Gần Bà Linh ứng, quán Hải Sản Bé Mặn, Eo Biển nổi tiếng . Gần ', 11),
(135, 1, 3, 522452021, '92.jpg', 'BÁN NHÀ 151', '39, Ngô Quyền, Phường Thọ Quang, Quận Sơn Trà', 7, 45, 60, 130, 2, '2022-09', 'Nhà xây hoàn thiện 1 trệt 1 lầu đúc bê tông kiên cố trên diện tích 5 v15 =75 m2 đất ở đô thị (thổ cư).Nhà rất rộng,đẹp,yên tĩnh,an ninh,thoáng mát.bao gồm 2 phòng ngủ riêng,2 phòng khách rộng,2 phòng vệ sinh,bếp,ban công,sân....điện nước riêng biệt.Đường đi 3m.hẻm xe hơi.Tất cả sẵn sàng chi vào là ở.Giấy tờ đầy đủ có sẵn hợp lệ.(không thuộc quy hoạch,không tranh chấp...)Địa chỉ hẻm 470 đường 925 khu vực Thạnh Hưng, phường Thường Thạnh,quận Cái Răng,tp.Cần Thơ. Giá1 tỷ 150 rất phù hợp..Cảm ơn quý', 11),
(136, 1, 3, 904789542, '93.jpg', 'Chính Chủ B', 'Hẻm nhà trọ 470, Đường 925', 7, 45, 60, 130, 2, '2022-10', 'Mô tả:\r\n?Nhà thiết kế 3 tầng đúc BTCT gồm phòng khách, phòng bếp, 3 phòng ngủ, phòng giặc, ban công.\r\n?Vị trí ngay trung tâm gần chợ Tân Định gần mặt tiền, tương lai ra mặt tiền giá trị tăng cao.\r\n?Nhà chính chủ mấy chục năm đến nay.\r\nPhù hợp mua ở, cho thuê, đầu tư, Phụ huynh mua cho con đi học.\r\n?Khu vực rất hiếm nhà bán, chỉ 2 tỷ2 tìm nhà 3 tầng đúc Quận 1 không ra.\r\n?Giấy tờ pháp lý chuẩn, công chứng ngay.', 11),
(137, 1, 3, 939555695, '94.jpg', 'Bán Nhà Mặt', 'Trần Khắc Chân, Phường Tân Định', 2.1, 45, 60, 130, 2, '2022-11', '2 MẶT HẺM XE TẢI TRƯỚC SAU - CHDV - MB+15 PHÒNG - DÒNG TIỀN THU VỀ HƠN 600TR/NĂM - 151m2 - 4 TẦNG - CHỈ 13 TỶ - BAO ĐẦU TƯ\r\n\r\n- Hẻm nhựa trước nhà 6m thẳng 1 trục, cách mặt tiền 40m, thông tứ tung. Hẻm sau 5m, sạch sẽ, an ninh.\r\n\r\n- Diện tích: 151m2 ngang 4.7m2 nở hậu 10,7m, dài 20m.\r\n\r\n- CHDV: Kết cấu 1 trệt 3 lầu. Gồm mặt bằng dưới, 15 phòng khép kín. Có dòng tiền ổn định 600tr/năm.', 11),
(138, 1, 3, 972935963, '95.jpg', 'Nguyễn Văn ', 'Bùi Quang Là, Phường 12', 3, 45, 60, 130, 2, '2022-12', '+ Bán Nhà Hẻm Xe Tải Tống Văn Trân, Phường 5, Quận 11, 70m2, 9 TỶ HẠ CÒN 6.3 TỶ, RẺ BẤT NGỜ, 4 Phòng\r\n\r\n------------------------------------\r\n\r\n+ Chủ Kẹt tiền cần bán gấp 6.3 tỷ thương lượng.\r\n\r\n+ Liên hệ Mr Đồng – Bất động sản. Xem và tư vấn MIỄN PHÍ, gặp CHÍNH CHỦ thương lượng giá, CAM KẾT KHÔNG KÊ GIÁ dưới mọi hình thức.\r\n\r\n* Miễn môi giới, trung gian, báo mạng.', 11),
(139, 1, 3, 913756723, '96.jpg', 'NGAY ĐẦM SE', 'Tống Văn Trân, Phường 5', 5, 45, 60, 130, 2, '2022-01', 'Bán biệt thự đơn lập Verosa Park Khang Điền Quận 9 (TP. Thủ Đức) ***\r\n- Diện tích đất: 528m², ngang 20x26.\r\n- Xây 1 trệt 2 lầu, dtxd 485m².\r\n- Thiết kế mẫu được: 2 phòng khách, 1 phòng bếp, 5PN 6WC, 1 phòng thờ - phòng làm việc - phòng thư giãn - 4 sân vườn bao quanh nhà.\r\n- Pháp lý: Đã có sổ, công chứng sang tên ngay.\r\n- Hiện trạng: Hoàn thiện mặt ngoài, thô bên trong.\r\n- Tiện ích: Hồ bơi, gym, công viên đã hiện hữu và cư dân đang bắt đầu về ở.', 12),
(140, 1, 3, 373475903, '97.jpg', '?BÁN NHÀ HX', 'Liên Phường, Phường Phú Hữu', 4, 45, 60, 130, 2, '2022-02', 'Bán Nhà 2.5 Tầng nằm tổ 2 thanh lãm. Phường phú lãm hà đông\r\nDiện tích 37m2\r\nNgõ rộng 2m. Cách đường ô tô 80m\r\nVị trí nằm ngõ 9 thanh lãm. Gần trường mầm non. Cấp 1 2', 12),
(141, 1, 3, 768614693, '98.jpg', 'HẺM TRỰC TH', 'Đường Số 22', 3, 45, 60, 130, 2, '2022-03', '- Vị trí mặt phố ô tô tránh, ngay sát hồ Bồ Đề và chợ dân sinh, khu vực dân cư đông đúc, kinh doanh sầm uất.\r\n- Trường cấp 1,2 cách nhà 200m, trong bán kính 500m là bệnh viện Tâm Anh, Trường QT Wellsprings, công an Phường\r\n- Nhà chủ tự xây ở nên rất chắc chắn, dù ở được chục năm nhưng vẫn mới, bên cạnh nhà có khe thoáng 50cm, do vậy phòng nào cũng thoáng sáng. Nhà phù hợp vừa ở vừa kinh doanh.\r\n- Diện tích nhà 40 m2, mặt tiền 7m, nhà xây 4 tầng đầy đủ công năng.\r\n- Thiết kế:\r\n+ Tầng 1: Thông sàn', 12),
(142, 1, 3, 937930354, '99.jpg', 'Nhà 4.3x13m', 'Phố Bồ Đề, Phường Bồ Đề', 4, 45, 60, 130, 2, '2022-04', '?12 tỷ căn / TL mạnh trả giá là bán\r\n\r\nBán 2 căn Biệt Thự 2 MT KDC Phú Hồng Thịnh 10, Full nội thất cao cấp, p.Bình An, Tp.Dĩ An\r\n\r\nDT: 111,9m2 thổ cư 100% ( 7,6X16m )\r\nDT sàn thực tế 500m2\r\n\r\nNgay đường Quốc Lộ 1K, BigC GO, Làng Đại Học Quốc Gia Tp.HCM, gần Thủ Đức\r\n\r\nThiết kế: 1 trệt 4 lầu đúc 5 tấm, Gara Ô tô 7 chỗ, 2 phòng khách, nhà ăn, 4 phòng ngủ master có nhà vệ sinh bên trong, 7wc, phòng Karaoke, phòng thờ, phòng giặt, sân thượng, ban công,', 12),
(143, 1, 3, 902514989, '100.jpg', 'MẶT PHỐ BỒ ', 'Quốc lộ 1K, Phường Bình An', 3, 45, 60, 130, 2, '2022-05', '-Tôi cần bán căn nhà xây dựng kiên cố,bê tông,cốt thép,làm để ở nên làm bằng tâm huyết của mình nay vì gđ\r\n\r\nchuyển về quê ở phụng dưỡng Bố Mẹ lớn tuổi nên cần bán.\r\n\r\n-Nhà tôi xây tháng 2 âm lịch năm nay 2023 vừa tròn 2 tháng,nhà mới 100%,thiết bị gia dụng tôi sử dụng toàn\r\n\r\nhàng tốt,hàng có thương hiệu nên nhìn nhà rất sang trọng và hiện đại.\r\n\r\n-Nhà tôi xây dựng có thiết kế rõ ràng,công năng sử dụng tối ưu,gồm sân xe hơi', 12),
(144, 1, 3, 969255105, '101.jpg', 'Bán nhà hẻm', 'Phường Tân Định, Thị xã Bến Cát', 4, 45, 60, 130, 2, '2022-06', 'Tôi Chính Chủ Bán 2 Căn Nhà liền kề, mới, đẹp, hiện đại, có thang máy, nước nóng Năng lượng mặt trời, nội thất đầy đủ hiện đại ( gia đình chuyển công tác nên muốn bán để chuyển đổi)\r\n- Mặt Tiền: Ngô Quyền, Sơn Trà, Đà Nẵng. Đường rộng 10 làn xe, có thể xây khách sạn, mở quán ăn , xe 50 chỗ đậu thoải mái.\r\n- Gần Trường Học 200m- 600m cấp 1.2.3, gần chợ mai, chợ chiều 600m, gần siêu thị coopmart, vinmart, gần ủy ban . ra bãi biển 900m. Gần Bà Linh ứng, quán Hải Sản Bé Mặn, Eo Biển nổi tiếng . Gần ', 12),
(145, 1, 3, 522452021, '102.jpg', 'Bán Massge ', '39, Ngô Quyền, Phường Thọ Quang, Quận Sơn Trà', 10, 45, 60, 130, 2, '2022-07', 'Nhà xây hoàn thiện 1 trệt 1 lầu đúc bê tông kiên cố trên diện tích 5 v15 =75 m2 đất ở đô thị (thổ cư).Nhà rất rộng,đẹp,yên tĩnh,an ninh,thoáng mát.bao gồm 2 phòng ngủ riêng,2 phòng khách rộng,2 phòng vệ sinh,bếp,ban công,sân....điện nước riêng biệt.Đường đi 3m.hẻm xe hơi.Tất cả sẵn sàng chi vào là ở.Giấy tờ đầy đủ có sẵn hợp lệ.(không thuộc quy hoạch,không tranh chấp...)Địa chỉ hẻm 470 đường 925 khu vực Thạnh Hưng, phường Thường Thạnh,quận Cái Răng,tp.Cần Thơ. Giá1 tỷ 150 rất phù hợp..Cảm ơn quý', 12),
(146, 1, 3, 904789542, '103.jpg', 'MT Ngô Quyề', 'Hẻm nhà trọ 470, Đường 925', 6.5, 45, 60, 130, 2, '2022-08', 'Mô tả:\r\n?Nhà thiết kế 3 tầng đúc BTCT gồm phòng khách, phòng bếp, 3 phòng ngủ, phòng giặc, ban công.\r\n?Vị trí ngay trung tâm gần chợ Tân Định gần mặt tiền, tương lai ra mặt tiền giá trị tăng cao.\r\n?Nhà chính chủ mấy chục năm đến nay.\r\nPhù hợp mua ở, cho thuê, đầu tư, Phụ huynh mua cho con đi học.\r\n?Khu vực rất hiếm nhà bán, chỉ 2 tỷ2 tìm nhà 3 tầng đúc Quận 1 không ra.\r\n?Giấy tờ pháp lý chuẩn, công chứng ngay.', 12),
(147, 1, 3, 939555695, '104.jpg', 'Về quê tôi ', 'Trần Khắc Chân, Phường Tân Định', 7, 45, 60, 130, 2, '2022-09', '2 MẶT HẺM XE TẢI TRƯỚC SAU - CHDV - MB+15 PHÒNG - DÒNG TIỀN THU VỀ HƠN 600TR/NĂM - 151m2 - 4 TẦNG - CHỈ 13 TỶ - BAO ĐẦU TƯ\r\n\r\n- Hẻm nhựa trước nhà 6m thẳng 1 trục, cách mặt tiền 40m, thông tứ tung. Hẻm sau 5m, sạch sẽ, an ninh.\r\n\r\n- Diện tích: 151m2 ngang 4.7m2 nở hậu 10,7m, dài 20m.\r\n\r\n- CHDV: Kết cấu 1 trệt 3 lầu. Gồm mặt bằng dưới, 15 phòng khép kín. Có dòng tiền ổn định 600tr/năm.', 12),
(148, 1, 3, 972935963, '105.jpg', 'NGỘP BANK (', 'Bùi Quang Là, Phường 12', 4, 45, 60, 130, 2, '2022-10', '+ Bán Nhà Hẻm Xe Tải Tống Văn Trân, Phường 5, Quận 11, 70m2, 9 TỶ HẠ CÒN 6.3 TỶ, RẺ BẤT NGỜ, 4 Phòng\r\n\r\n------------------------------------\r\n\r\n+ Chủ Kẹt tiền cần bán gấp 6.3 tỷ thương lượng.\r\n\r\n+ Liên hệ Mr Đồng – Bất động sản. Xem và tư vấn MIỄN PHÍ, gặp CHÍNH CHỦ thương lượng giá, CAM KẾT KHÔNG KÊ GIÁ dưới mọi hình thức.\r\n\r\n* Miễn môi giới, trung gian, báo mạng.', 12),
(149, 1, 3, 913756723, '106.jpg', 'cần 200tr s', 'Tống Văn Trân, Phường 5', 2, 45, 60, 130, 2, '2022-11', 'Bán biệt thự đơn lập Verosa Park Khang Điền Quận 9 (TP. Thủ Đức) ***\r\n- Diện tích đất: 528m², ngang 20x26.\r\n- Xây 1 trệt 2 lầu, dtxd 485m².\r\n- Thiết kế mẫu được: 2 phòng khách, 1 phòng bếp, 5PN 6WC, 1 phòng thờ - phòng làm việc - phòng thư giãn - 4 sân vườn bao quanh nhà.\r\n- Pháp lý: Đã có sổ, công chứng sang tên ngay.\r\n- Hiện trạng: Hoàn thiện mặt ngoài, thô bên trong.\r\n- Tiện ích: Hồ bơi, gym, công viên đã hiện hữu và cư dân đang bắt đầu về ở.', 12),
(150, 1, 3, 373475903, '107.jpg', 'Bán gấp 2 c', 'Liên Phường, Phường Phú Hữu', 3, 45, 60, 130, 2, '2022-12', 'Bán Nhà 2.5 Tầng nằm tổ 2 thanh lãm. Phường phú lãm hà đông\r\nDiện tích 37m2\r\nNgõ rộng 2m. Cách đường ô tô 80m\r\nVị trí nằm ngõ 9 thanh lãm. Gần trường mầm non. Cấp 1 2', 12),
(151, 1, 4, 768614693, '108.jpg', 'Nhà cần bán', 'Đường Số 22', 4, 45, 60, 130, 2, '2022-01', '- Vị trí mặt phố ô tô tránh, ngay sát hồ Bồ Đề và chợ dân sinh, khu vực dân cư đông đúc, kinh doanh sầm uất.\r\n- Trường cấp 1,2 cách nhà 200m, trong bán kính 500m là bệnh viện Tâm Anh, Trường QT Wellsprings, công an Phường\r\n- Nhà chủ tự xây ở nên rất chắc chắn, dù ở được chục năm nhưng vẫn mới, bên cạnh nhà có khe thoáng 50cm, do vậy phòng nào cũng thoáng sáng. Nhà phù hợp vừa ở vừa kinh doanh.\r\n- Diện tích nhà 40 m2, mặt tiền 7m, nhà xây 4 tầng đầy đủ công năng.\r\n- Thiết kế:\r\n+ Tầng 1: Thông sàn', 13),
(152, 1, 4, 937930354, '109.jpg', '12 TỶ/CĂN, ', 'Phố Bồ Đề, Phường Bồ Đề', 4, 45, 60, 130, 2, '2022-02', '?12 tỷ căn / TL mạnh trả giá là bán\r\n\r\nBán 2 căn Biệt Thự 2 MT KDC Phú Hồng Thịnh 10, Full nội thất cao cấp, p.Bình An, Tp.Dĩ An\r\n\r\nDT: 111,9m2 thổ cư 100% ( 7,6X16m )\r\nDT sàn thực tế 500m2\r\n\r\nNgay đường Quốc Lộ 1K, BigC GO, Làng Đại Học Quốc Gia Tp.HCM, gần Thủ Đức\r\n\r\nThiết kế: 1 trệt 4 lầu đúc 5 tấm, Gara Ô tô 7 chỗ, 2 phòng khách, nhà ăn, 4 phòng ngủ master có nhà vệ sinh bên trong, 7wc, phòng Karaoke, phòng thờ, phòng giặt, sân thượng, ban công,', 13),
(153, 1, 4, 902514989, '110.jpg', 'Bán biệt th', 'Quốc lộ 1K, Phường Bình An', 4, 45, 60, 130, 2, '2022-03', '-Tôi cần bán căn nhà xây dựng kiên cố,bê tông,cốt thép,làm để ở nên làm bằng tâm huyết của mình nay vì gđ\r\n\r\nchuyển về quê ở phụng dưỡng Bố Mẹ lớn tuổi nên cần bán.\r\n\r\n-Nhà tôi xây tháng 2 âm lịch năm nay 2023 vừa tròn 2 tháng,nhà mới 100%,thiết bị gia dụng tôi sử dụng toàn\r\n\r\nhàng tốt,hàng có thương hiệu nên nhìn nhà rất sang trọng và hiện đại.\r\n\r\n-Nhà tôi xây dựng có thiết kế rõ ràng,công năng sử dụng tối ưu,gồm sân xe hơi', 13),
(154, 1, 4, 969255105, '111.jpg', 'NHÀ MỚI 1 T', 'Phường Tân Định, Thị xã Bến Cát', 4, 45, 60, 130, 2, '2022-04', 'Tôi Chính Chủ Bán 2 Căn Nhà liền kề, mới, đẹp, hiện đại, có thang máy, nước nóng Năng lượng mặt trời, nội thất đầy đủ hiện đại ( gia đình chuyển công tác nên muốn bán để chuyển đổi)\r\n- Mặt Tiền: Ngô Quyền, Sơn Trà, Đà Nẵng. Đường rộng 10 làn xe, có thể xây khách sạn, mở quán ăn , xe 50 chỗ đậu thoải mái.\r\n- Gần Trường Học 200m- 600m cấp 1.2.3, gần chợ mai, chợ chiều 600m, gần siêu thị coopmart, vinmart, gần ủy ban . ra bãi biển 900m. Gần Bà Linh ứng, quán Hải Sản Bé Mặn, Eo Biển nổi tiếng . Gần ', 13),
(155, 1, 4, 522452021, '112.jpg', 'BÁN NHÀ 151', '39, Ngô Quyền, Phường Thọ Quang, Quận Sơn Trà', 5, 45, 60, 130, 2, '2022-05', 'Nhà xây hoàn thiện 1 trệt 1 lầu đúc bê tông kiên cố trên diện tích 5 v15 =75 m2 đất ở đô thị (thổ cư).Nhà rất rộng,đẹp,yên tĩnh,an ninh,thoáng mát.bao gồm 2 phòng ngủ riêng,2 phòng khách rộng,2 phòng vệ sinh,bếp,ban công,sân....điện nước riêng biệt.Đường đi 3m.hẻm xe hơi.Tất cả sẵn sàng chi vào là ở.Giấy tờ đầy đủ có sẵn hợp lệ.(không thuộc quy hoạch,không tranh chấp...)Địa chỉ hẻm 470 đường 925 khu vực Thạnh Hưng, phường Thường Thạnh,quận Cái Răng,tp.Cần Thơ. Giá1 tỷ 150 rất phù hợp..Cảm ơn quý', 13),
(156, 1, 4, 904789542, '113.jpg', 'Chính Chủ B', 'Hẻm nhà trọ 470, Đường 925', 5, 45, 60, 130, 2, '2022-06', 'Mô tả:\r\n?Nhà thiết kế 3 tầng đúc BTCT gồm phòng khách, phòng bếp, 3 phòng ngủ, phòng giặc, ban công.\r\n?Vị trí ngay trung tâm gần chợ Tân Định gần mặt tiền, tương lai ra mặt tiền giá trị tăng cao.\r\n?Nhà chính chủ mấy chục năm đến nay.\r\nPhù hợp mua ở, cho thuê, đầu tư, Phụ huynh mua cho con đi học.\r\n?Khu vực rất hiếm nhà bán, chỉ 2 tỷ2 tìm nhà 3 tầng đúc Quận 1 không ra.\r\n?Giấy tờ pháp lý chuẩn, công chứng ngay.', 13),
(157, 1, 4, 939555695, '114.jpg', 'Bán Nhà Mặt', 'Trần Khắc Chân, Phường Tân Định', 4, 45, 60, 130, 2, '2022-07', '2 MẶT HẺM XE TẢI TRƯỚC SAU - CHDV - MB+15 PHÒNG - DÒNG TIỀN THU VỀ HƠN 600TR/NĂM - 151m2 - 4 TẦNG - CHỈ 13 TỶ - BAO ĐẦU TƯ\r\n\r\n- Hẻm nhựa trước nhà 6m thẳng 1 trục, cách mặt tiền 40m, thông tứ tung. Hẻm sau 5m, sạch sẽ, an ninh.\r\n\r\n- Diện tích: 151m2 ngang 4.7m2 nở hậu 10,7m, dài 20m.\r\n\r\n- CHDV: Kết cấu 1 trệt 3 lầu. Gồm mặt bằng dưới, 15 phòng khép kín. Có dòng tiền ổn định 600tr/năm.', 13),
(158, 1, 4, 972935963, '115.jpg', 'Nguyễn Văn ', 'Bùi Quang Là, Phường 12', 9, 45, 60, 130, 2, '2022-08', '+ Bán Nhà Hẻm Xe Tải Tống Văn Trân, Phường 5, Quận 11, 70m2, 9 TỶ HẠ CÒN 6.3 TỶ, RẺ BẤT NGỜ, 4 Phòng\r\n\r\n------------------------------------\r\n\r\n+ Chủ Kẹt tiền cần bán gấp 6.3 tỷ thương lượng.\r\n\r\n+ Liên hệ Mr Đồng – Bất động sản. Xem và tư vấn MIỄN PHÍ, gặp CHÍNH CHỦ thương lượng giá, CAM KẾT KHÔNG KÊ GIÁ dưới mọi hình thức.\r\n\r\n* Miễn môi giới, trung gian, báo mạng.', 13),
(159, 1, 4, 913756723, '116.jpg', 'NGAY ĐẦM SE', 'Tống Văn Trân, Phường 5', 4, 45, 60, 130, 2, '2022-09', 'Bán biệt thự đơn lập Verosa Park Khang Điền Quận 9 (TP. Thủ Đức) ***\r\n- Diện tích đất: 528m², ngang 20x26.\r\n- Xây 1 trệt 2 lầu, dtxd 485m².\r\n- Thiết kế mẫu được: 2 phòng khách, 1 phòng bếp, 5PN 6WC, 1 phòng thờ - phòng làm việc - phòng thư giãn - 4 sân vườn bao quanh nhà.\r\n- Pháp lý: Đã có sổ, công chứng sang tên ngay.\r\n- Hiện trạng: Hoàn thiện mặt ngoài, thô bên trong.\r\n- Tiện ích: Hồ bơi, gym, công viên đã hiện hữu và cư dân đang bắt đầu về ở.', 13),
(160, 1, 4, 373475903, '117.jpg', '?BÁN NHÀ HX', 'Liên Phường, Phường Phú Hữu', 12, 45, 60, 130, 2, '2022-10', 'Bán Nhà 2.5 Tầng nằm tổ 2 thanh lãm. Phường phú lãm hà đông\r\nDiện tích 37m2\r\nNgõ rộng 2m. Cách đường ô tô 80m\r\nVị trí nằm ngõ 9 thanh lãm. Gần trường mầm non. Cấp 1 2', 13),
(161, 1, 4, 768614693, '118.jpg', 'HẺM TRỰC TH', 'Đường Số 22', 14, 45, 60, 130, 2, '2022-11', '- Vị trí mặt phố ô tô tránh, ngay sát hồ Bồ Đề và chợ dân sinh, khu vực dân cư đông đúc, kinh doanh sầm uất.\r\n- Trường cấp 1,2 cách nhà 200m, trong bán kính 500m là bệnh viện Tâm Anh, Trường QT Wellsprings, công an Phường\r\n- Nhà chủ tự xây ở nên rất chắc chắn, dù ở được chục năm nhưng vẫn mới, bên cạnh nhà có khe thoáng 50cm, do vậy phòng nào cũng thoáng sáng. Nhà phù hợp vừa ở vừa kinh doanh.\r\n- Diện tích nhà 40 m2, mặt tiền 7m, nhà xây 4 tầng đầy đủ công năng.\r\n- Thiết kế:\r\n+ Tầng 1: Thông sàn', 13),
(162, 1, 4, 937930354, '119.jpg', 'Nhà 4.3x13m', 'Phố Bồ Đề, Phường Bồ Đề', 5, 45, 60, 130, 2, '2022-12', '?12 tỷ căn / TL mạnh trả giá là bán\r\n\r\nBán 2 căn Biệt Thự 2 MT KDC Phú Hồng Thịnh 10, Full nội thất cao cấp, p.Bình An, Tp.Dĩ An\r\n\r\nDT: 111,9m2 thổ cư 100% ( 7,6X16m )\r\nDT sàn thực tế 500m2\r\n\r\nNgay đường Quốc Lộ 1K, BigC GO, Làng Đại Học Quốc Gia Tp.HCM, gần Thủ Đức\r\n\r\nThiết kế: 1 trệt 4 lầu đúc 5 tấm, Gara Ô tô 7 chỗ, 2 phòng khách, nhà ăn, 4 phòng ngủ master có nhà vệ sinh bên trong, 7wc, phòng Karaoke, phòng thờ, phòng giặt, sân thượng, ban công,', 13),
(163, 1, 4, 902514989, '120.jpg', 'MẶT PHỐ BỒ ', 'Quốc lộ 1K, Phường Bình An', 6, 45, 60, 130, 2, '2022-01', '-Tôi cần bán căn nhà xây dựng kiên cố,bê tông,cốt thép,làm để ở nên làm bằng tâm huyết của mình nay vì gđ\r\n\r\nchuyển về quê ở phụng dưỡng Bố Mẹ lớn tuổi nên cần bán.\r\n\r\n-Nhà tôi xây tháng 2 âm lịch năm nay 2023 vừa tròn 2 tháng,nhà mới 100%,thiết bị gia dụng tôi sử dụng toàn\r\n\r\nhàng tốt,hàng có thương hiệu nên nhìn nhà rất sang trọng và hiện đại.\r\n\r\n-Nhà tôi xây dựng có thiết kế rõ ràng,công năng sử dụng tối ưu,gồm sân xe hơi', 14),
(164, 1, 4, 969255105, '121.jpg', 'Bán nhà hẻm', 'Phường Tân Định, Thị xã Bến Cát', 7, 45, 60, 130, 2, '2022-02', 'Tôi Chính Chủ Bán 2 Căn Nhà liền kề, mới, đẹp, hiện đại, có thang máy, nước nóng Năng lượng mặt trời, nội thất đầy đủ hiện đại ( gia đình chuyển công tác nên muốn bán để chuyển đổi)\r\n- Mặt Tiền: Ngô Quyền, Sơn Trà, Đà Nẵng. Đường rộng 10 làn xe, có thể xây khách sạn, mở quán ăn , xe 50 chỗ đậu thoải mái.\r\n- Gần Trường Học 200m- 600m cấp 1.2.3, gần chợ mai, chợ chiều 600m, gần siêu thị coopmart, vinmart, gần ủy ban . ra bãi biển 900m. Gần Bà Linh ứng, quán Hải Sản Bé Mặn, Eo Biển nổi tiếng . Gần ', 14),
(165, 1, 4, 522452021, '122.jpg', 'Bán Massge ', '39, Ngô Quyền, Phường Thọ Quang, Quận Sơn Trà', 8, 45, 60, 130, 2, '2022-03', 'Nhà xây hoàn thiện 1 trệt 1 lầu đúc bê tông kiên cố trên diện tích 5 v15 =75 m2 đất ở đô thị (thổ cư).Nhà rất rộng,đẹp,yên tĩnh,an ninh,thoáng mát.bao gồm 2 phòng ngủ riêng,2 phòng khách rộng,2 phòng vệ sinh,bếp,ban công,sân....điện nước riêng biệt.Đường đi 3m.hẻm xe hơi.Tất cả sẵn sàng chi vào là ở.Giấy tờ đầy đủ có sẵn hợp lệ.(không thuộc quy hoạch,không tranh chấp...)Địa chỉ hẻm 470 đường 925 khu vực Thạnh Hưng, phường Thường Thạnh,quận Cái Răng,tp.Cần Thơ. Giá1 tỷ 150 rất phù hợp..Cảm ơn quý', 14),
(166, 1, 4, 904789542, '123.jpg', 'MT Ngô Quyề', 'Hẻm nhà trọ 470, Đường 925', 4, 45, 60, 130, 2, '2022-04', 'Mô tả:\r\n?Nhà thiết kế 3 tầng đúc BTCT gồm phòng khách, phòng bếp, 3 phòng ngủ, phòng giặc, ban công.\r\n?Vị trí ngay trung tâm gần chợ Tân Định gần mặt tiền, tương lai ra mặt tiền giá trị tăng cao.\r\n?Nhà chính chủ mấy chục năm đến nay.\r\nPhù hợp mua ở, cho thuê, đầu tư, Phụ huynh mua cho con đi học.\r\n?Khu vực rất hiếm nhà bán, chỉ 2 tỷ2 tìm nhà 3 tầng đúc Quận 1 không ra.\r\n?Giấy tờ pháp lý chuẩn, công chứng ngay.', 14),
(167, 1, 4, 939555695, '124.jpg', 'Về quê tôi ', 'Trần Khắc Chân, Phường Tân Định', 4, 45, 60, 130, 2, '2022-05', '2 MẶT HẺM XE TẢI TRƯỚC SAU - CHDV - MB+15 PHÒNG - DÒNG TIỀN THU VỀ HƠN 600TR/NĂM - 151m2 - 4 TẦNG - CHỈ 13 TỶ - BAO ĐẦU TƯ\r\n\r\n- Hẻm nhựa trước nhà 6m thẳng 1 trục, cách mặt tiền 40m, thông tứ tung. Hẻm sau 5m, sạch sẽ, an ninh.\r\n\r\n- Diện tích: 151m2 ngang 4.7m2 nở hậu 10,7m, dài 20m.\r\n\r\n- CHDV: Kết cấu 1 trệt 3 lầu. Gồm mặt bằng dưới, 15 phòng khép kín. Có dòng tiền ổn định 600tr/năm.', 14),
(168, 1, 4, 972935963, '125.jpg', 'NGỘP BANK (', 'Bùi Quang Là, Phường 12', 4, 45, 60, 130, 2, '2022-06', '+ Bán Nhà Hẻm Xe Tải Tống Văn Trân, Phường 5, Quận 11, 70m2, 9 TỶ HẠ CÒN 6.3 TỶ, RẺ BẤT NGỜ, 4 Phòng\r\n\r\n------------------------------------\r\n\r\n+ Chủ Kẹt tiền cần bán gấp 6.3 tỷ thương lượng.\r\n\r\n+ Liên hệ Mr Đồng – Bất động sản. Xem và tư vấn MIỄN PHÍ, gặp CHÍNH CHỦ thương lượng giá, CAM KẾT KHÔNG KÊ GIÁ dưới mọi hình thức.\r\n\r\n* Miễn môi giới, trung gian, báo mạng.', 14),
(169, 1, 4, 913756723, '126.jpg', 'cần 200tr s', 'Tống Văn Trân, Phường 5', 4, 45, 60, 130, 2, '2022-07', 'Bán biệt thự đơn lập Verosa Park Khang Điền Quận 9 (TP. Thủ Đức) ***\r\n- Diện tích đất: 528m², ngang 20x26.\r\n- Xây 1 trệt 2 lầu, dtxd 485m².\r\n- Thiết kế mẫu được: 2 phòng khách, 1 phòng bếp, 5PN 6WC, 1 phòng thờ - phòng làm việc - phòng thư giãn - 4 sân vườn bao quanh nhà.\r\n- Pháp lý: Đã có sổ, công chứng sang tên ngay.\r\n- Hiện trạng: Hoàn thiện mặt ngoài, thô bên trong.\r\n- Tiện ích: Hồ bơi, gym, công viên đã hiện hữu và cư dân đang bắt đầu về ở.', 14),
(170, 1, 4, 373475903, '127.jpg', 'Bán gấp 2 c', 'Liên Phường, Phường Phú Hữu', 5, 45, 60, 130, 2, '2022-08', 'Bán Nhà 2.5 Tầng nằm tổ 2 thanh lãm. Phường phú lãm hà đông\r\nDiện tích 37m2\r\nNgõ rộng 2m. Cách đường ô tô 80m\r\nVị trí nằm ngõ 9 thanh lãm. Gần trường mầm non. Cấp 1 2', 14),
(171, 1, 4, 768614693, '128.jpg', 'Nhà cần bán', 'Đường Số 22', 6, 45, 60, 130, 2, '2022-09', '- Vị trí mặt phố ô tô tránh, ngay sát hồ Bồ Đề và chợ dân sinh, khu vực dân cư đông đúc, kinh doanh sầm uất.\r\n- Trường cấp 1,2 cách nhà 200m, trong bán kính 500m là bệnh viện Tâm Anh, Trường QT Wellsprings, công an Phường\r\n- Nhà chủ tự xây ở nên rất chắc chắn, dù ở được chục năm nhưng vẫn mới, bên cạnh nhà có khe thoáng 50cm, do vậy phòng nào cũng thoáng sáng. Nhà phù hợp vừa ở vừa kinh doanh.\r\n- Diện tích nhà 40 m2, mặt tiền 7m, nhà xây 4 tầng đầy đủ công năng.\r\n- Thiết kế:\r\n+ Tầng 1: Thông sàn', 14),
(172, 1, 4, 937930354, '129.jpg', '12 TỶ/CĂN, ', 'Phố Bồ Đề, Phường Bồ Đề', 4, 45, 60, 130, 2, '2022-10', '?12 tỷ căn / TL mạnh trả giá là bán\r\n\r\nBán 2 căn Biệt Thự 2 MT KDC Phú Hồng Thịnh 10, Full nội thất cao cấp, p.Bình An, Tp.Dĩ An\r\n\r\nDT: 111,9m2 thổ cư 100% ( 7,6X16m )\r\nDT sàn thực tế 500m2\r\n\r\nNgay đường Quốc Lộ 1K, BigC GO, Làng Đại Học Quốc Gia Tp.HCM, gần Thủ Đức\r\n\r\nThiết kế: 1 trệt 4 lầu đúc 5 tấm, Gara Ô tô 7 chỗ, 2 phòng khách, nhà ăn, 4 phòng ngủ master có nhà vệ sinh bên trong, 7wc, phòng Karaoke, phòng thờ, phòng giặt, sân thượng, ban công,', 14),
(173, 1, 4, 902514989, '130.jpg', 'Bán biệt th', 'Quốc lộ 1K, Phường Bình An', 4, 45, 60, 130, 2, '2022-11', '-Tôi cần bán căn nhà xây dựng kiên cố,bê tông,cốt thép,làm để ở nên làm bằng tâm huyết của mình nay vì gđ\r\n\r\nchuyển về quê ở phụng dưỡng Bố Mẹ lớn tuổi nên cần bán.\r\n\r\n-Nhà tôi xây tháng 2 âm lịch năm nay 2023 vừa tròn 2 tháng,nhà mới 100%,thiết bị gia dụng tôi sử dụng toàn\r\n\r\nhàng tốt,hàng có thương hiệu nên nhìn nhà rất sang trọng và hiện đại.\r\n\r\n-Nhà tôi xây dựng có thiết kế rõ ràng,công năng sử dụng tối ưu,gồm sân xe hơi', 14),
(174, 1, 4, 969255105, '131.jpg', 'NHÀ MỚI 1 T', 'Phường Tân Định, Thị xã Bến Cát', 4, 45, 60, 130, 2, '2022-12', 'Tôi Chính Chủ Bán 2 Căn Nhà liền kề, mới, đẹp, hiện đại, có thang máy, nước nóng Năng lượng mặt trời, nội thất đầy đủ hiện đại ( gia đình chuyển công tác nên muốn bán để chuyển đổi)\r\n- Mặt Tiền: Ngô Quyền, Sơn Trà, Đà Nẵng. Đường rộng 10 làn xe, có thể xây khách sạn, mở quán ăn , xe 50 chỗ đậu thoải mái.\r\n- Gần Trường Học 200m- 600m cấp 1.2.3, gần chợ mai, chợ chiều 600m, gần siêu thị coopmart, vinmart, gần ủy ban . ra bãi biển 900m. Gần Bà Linh ứng, quán Hải Sản Bé Mặn, Eo Biển nổi tiếng . Gần ', 14),
(175, 1, 4, 522452021, '132.jpg', 'BÁN NHÀ 151', '39, Ngô Quyền, Phường Thọ Quang, Quận Sơn Trà', 4, 45, 60, 130, 2, '2022-01', 'Nhà xây hoàn thiện 1 trệt 1 lầu đúc bê tông kiên cố trên diện tích 5 v15 =75 m2 đất ở đô thị (thổ cư).Nhà rất rộng,đẹp,yên tĩnh,an ninh,thoáng mát.bao gồm 2 phòng ngủ riêng,2 phòng khách rộng,2 phòng vệ sinh,bếp,ban công,sân....điện nước riêng biệt.Đường đi 3m.hẻm xe hơi.Tất cả sẵn sàng chi vào là ở.Giấy tờ đầy đủ có sẵn hợp lệ.(không thuộc quy hoạch,không tranh chấp...)Địa chỉ hẻm 470 đường 925 khu vực Thạnh Hưng, phường Thường Thạnh,quận Cái Răng,tp.Cần Thơ. Giá1 tỷ 150 rất phù hợp..Cảm ơn quý', 15),
(176, 1, 4, 904789542, '133.jpg', 'Chính Chủ B', 'Hẻm nhà trọ 470, Đường 925', 6, 45, 60, 130, 2, '2022-02', 'Mô tả:\r\n?Nhà thiết kế 3 tầng đúc BTCT gồm phòng khách, phòng bếp, 3 phòng ngủ, phòng giặc, ban công.\r\n?Vị trí ngay trung tâm gần chợ Tân Định gần mặt tiền, tương lai ra mặt tiền giá trị tăng cao.\r\n?Nhà chính chủ mấy chục năm đến nay.\r\nPhù hợp mua ở, cho thuê, đầu tư, Phụ huynh mua cho con đi học.\r\n?Khu vực rất hiếm nhà bán, chỉ 2 tỷ2 tìm nhà 3 tầng đúc Quận 1 không ra.\r\n?Giấy tờ pháp lý chuẩn, công chứng ngay.', 15),
(177, 1, 4, 939555695, '134.jpg', 'Bán Nhà Mặt', 'Trần Khắc Chân, Phường Tân Định', 6, 45, 60, 130, 2, '2022-03', '2 MẶT HẺM XE TẢI TRƯỚC SAU - CHDV - MB+15 PHÒNG - DÒNG TIỀN THU VỀ HƠN 600TR/NĂM - 151m2 - 4 TẦNG - CHỈ 13 TỶ - BAO ĐẦU TƯ\r\n\r\n- Hẻm nhựa trước nhà 6m thẳng 1 trục, cách mặt tiền 40m, thông tứ tung. Hẻm sau 5m, sạch sẽ, an ninh.\r\n\r\n- Diện tích: 151m2 ngang 4.7m2 nở hậu 10,7m, dài 20m.\r\n\r\n- CHDV: Kết cấu 1 trệt 3 lầu. Gồm mặt bằng dưới, 15 phòng khép kín. Có dòng tiền ổn định 600tr/năm.', 15),
(178, 1, 4, 972935963, '135.jpg', 'Nguyễn Văn ', 'Bùi Quang Là, Phường 12', 4, 45, 60, 130, 2, '2022-04', '+ Bán Nhà Hẻm Xe Tải Tống Văn Trân, Phường 5, Quận 11, 70m2, 9 TỶ HẠ CÒN 6.3 TỶ, RẺ BẤT NGỜ, 4 Phòng\r\n\r\n------------------------------------\r\n\r\n+ Chủ Kẹt tiền cần bán gấp 6.3 tỷ thương lượng.\r\n\r\n+ Liên hệ Mr Đồng – Bất động sản. Xem và tư vấn MIỄN PHÍ, gặp CHÍNH CHỦ thương lượng giá, CAM KẾT KHÔNG KÊ GIÁ dưới mọi hình thức.\r\n\r\n* Miễn môi giới, trung gian, báo mạng.', 15),
(179, 1, 4, 913756723, '136.jpg', 'NGAY ĐẦM SE', 'Tống Văn Trân, Phường 5', 1.3, 45, 60, 130, 2, '2022-05', 'Bán biệt thự đơn lập Verosa Park Khang Điền Quận 9 (TP. Thủ Đức) ***\r\n- Diện tích đất: 528m², ngang 20x26.\r\n- Xây 1 trệt 2 lầu, dtxd 485m².\r\n- Thiết kế mẫu được: 2 phòng khách, 1 phòng bếp, 5PN 6WC, 1 phòng thờ - phòng làm việc - phòng thư giãn - 4 sân vườn bao quanh nhà.\r\n- Pháp lý: Đã có sổ, công chứng sang tên ngay.\r\n- Hiện trạng: Hoàn thiện mặt ngoài, thô bên trong.\r\n- Tiện ích: Hồ bơi, gym, công viên đã hiện hữu và cư dân đang bắt đầu về ở.', 15),
(180, 1, 4, 373475903, '137.jpg', '?BÁN NHÀ HX', 'Liên Phường, Phường Phú Hữu', 2, 45, 60, 130, 2, '2022-06', 'Bán Nhà 2.5 Tầng nằm tổ 2 thanh lãm. Phường phú lãm hà đông\r\nDiện tích 37m2\r\nNgõ rộng 2m. Cách đường ô tô 80m\r\nVị trí nằm ngõ 9 thanh lãm. Gần trường mầm non. Cấp 1 2', 15),
(181, 1, 4, 768614693, '138.jpg', 'HẺM TRỰC TH', 'Đường Số 22', 4, 45, 60, 130, 2, '2022-07', '- Vị trí mặt phố ô tô tránh, ngay sát hồ Bồ Đề và chợ dân sinh, khu vực dân cư đông đúc, kinh doanh sầm uất.\r\n- Trường cấp 1,2 cách nhà 200m, trong bán kính 500m là bệnh viện Tâm Anh, Trường QT Wellsprings, công an Phường\r\n- Nhà chủ tự xây ở nên rất chắc chắn, dù ở được chục năm nhưng vẫn mới, bên cạnh nhà có khe thoáng 50cm, do vậy phòng nào cũng thoáng sáng. Nhà phù hợp vừa ở vừa kinh doanh.\r\n- Diện tích nhà 40 m2, mặt tiền 7m, nhà xây 4 tầng đầy đủ công năng.\r\n- Thiết kế:\r\n+ Tầng 1: Thông sàn', 15),
(182, 1, 4, 937930354, '139.jpg', 'Nhà 4.3x13m', 'Phố Bồ Đề, Phường Bồ Đề', 4, 45, 60, 130, 2, '2022-08', '?12 tỷ căn / TL mạnh trả giá là bán\r\n\r\nBán 2 căn Biệt Thự 2 MT KDC Phú Hồng Thịnh 10, Full nội thất cao cấp, p.Bình An, Tp.Dĩ An\r\n\r\nDT: 111,9m2 thổ cư 100% ( 7,6X16m )\r\nDT sàn thực tế 500m2\r\n\r\nNgay đường Quốc Lộ 1K, BigC GO, Làng Đại Học Quốc Gia Tp.HCM, gần Thủ Đức\r\n\r\nThiết kế: 1 trệt 4 lầu đúc 5 tấm, Gara Ô tô 7 chỗ, 2 phòng khách, nhà ăn, 4 phòng ngủ master có nhà vệ sinh bên trong, 7wc, phòng Karaoke, phòng thờ, phòng giặt, sân thượng, ban công,', 15),
(183, 1, 4, 902514989, '140.jpg', 'MẶT PHỐ BỒ ', 'Quốc lộ 1K, Phường Bình An', 8, 45, 60, 130, 2, '2022-09', '-Tôi cần bán căn nhà xây dựng kiên cố,bê tông,cốt thép,làm để ở nên làm bằng tâm huyết của mình nay vì gđ\r\n\r\nchuyển về quê ở phụng dưỡng Bố Mẹ lớn tuổi nên cần bán.\r\n\r\n-Nhà tôi xây tháng 2 âm lịch năm nay 2023 vừa tròn 2 tháng,nhà mới 100%,thiết bị gia dụng tôi sử dụng toàn\r\n\r\nhàng tốt,hàng có thương hiệu nên nhìn nhà rất sang trọng và hiện đại.\r\n\r\n-Nhà tôi xây dựng có thiết kế rõ ràng,công năng sử dụng tối ưu,gồm sân xe hơi', 15),
(184, 1, 4, 969255105, '141.jpg', 'Bán nhà hẻm', 'Phường Tân Định, Thị xã Bến Cát', 4, 45, 60, 130, 2, '2022-10', 'Tôi Chính Chủ Bán 2 Căn Nhà liền kề, mới, đẹp, hiện đại, có thang máy, nước nóng Năng lượng mặt trời, nội thất đầy đủ hiện đại ( gia đình chuyển công tác nên muốn bán để chuyển đổi)\r\n- Mặt Tiền: Ngô Quyền, Sơn Trà, Đà Nẵng. Đường rộng 10 làn xe, có thể xây khách sạn, mở quán ăn , xe 50 chỗ đậu thoải mái.\r\n- Gần Trường Học 200m- 600m cấp 1.2.3, gần chợ mai, chợ chiều 600m, gần siêu thị coopmart, vinmart, gần ủy ban . ra bãi biển 900m. Gần Bà Linh ứng, quán Hải Sản Bé Mặn, Eo Biển nổi tiếng . Gần ', 15),
(185, 1, 4, 522452021, '142.jpg', 'Bán Massge ', '39, Ngô Quyền, Phường Thọ Quang, Quận Sơn Trà', 3, 45, 60, 130, 2, '2022-11', 'Nhà xây hoàn thiện 1 trệt 1 lầu đúc bê tông kiên cố trên diện tích 5 v15 =75 m2 đất ở đô thị (thổ cư).Nhà rất rộng,đẹp,yên tĩnh,an ninh,thoáng mát.bao gồm 2 phòng ngủ riêng,2 phòng khách rộng,2 phòng vệ sinh,bếp,ban công,sân....điện nước riêng biệt.Đường đi 3m.hẻm xe hơi.Tất cả sẵn sàng chi vào là ở.Giấy tờ đầy đủ có sẵn hợp lệ.(không thuộc quy hoạch,không tranh chấp...)Địa chỉ hẻm 470 đường 925 khu vực Thạnh Hưng, phường Thường Thạnh,quận Cái Răng,tp.Cần Thơ. Giá1 tỷ 150 rất phù hợp..Cảm ơn quý', 15),
(186, 1, 4, 904789542, '143.jpg', 'MT Ngô Quyề', 'Hẻm nhà trọ 470, Đường 925', 5, 45, 60, 130, 2, '2022-12', 'Mô tả:\r\n?Nhà thiết kế 3 tầng đúc BTCT gồm phòng khách, phòng bếp, 3 phòng ngủ, phòng giặc, ban công.\r\n?Vị trí ngay trung tâm gần chợ Tân Định gần mặt tiền, tương lai ra mặt tiền giá trị tăng cao.\r\n?Nhà chính chủ mấy chục năm đến nay.\r\nPhù hợp mua ở, cho thuê, đầu tư, Phụ huynh mua cho con đi học.\r\n?Khu vực rất hiếm nhà bán, chỉ 2 tỷ2 tìm nhà 3 tầng đúc Quận 1 không ra.\r\n?Giấy tờ pháp lý chuẩn, công chứng ngay.', 15),
(187, 1, 4, 939555695, '144.jpg', 'Về quê tôi ', 'Trần Khắc Chân, Phường Tân Định', 4, 45, 60, 130, 2, '2022-01', '2 MẶT HẺM XE TẢI TRƯỚC SAU - CHDV - MB+15 PHÒNG - DÒNG TIỀN THU VỀ HƠN 600TR/NĂM - 151m2 - 4 TẦNG - CHỈ 13 TỶ - BAO ĐẦU TƯ\r\n\r\n- Hẻm nhựa trước nhà 6m thẳng 1 trục, cách mặt tiền 40m, thông tứ tung. Hẻm sau 5m, sạch sẽ, an ninh.\r\n\r\n- Diện tích: 151m2 ngang 4.7m2 nở hậu 10,7m, dài 20m.\r\n\r\n- CHDV: Kết cấu 1 trệt 3 lầu. Gồm mặt bằng dưới, 15 phòng khép kín. Có dòng tiền ổn định 600tr/năm.', 16),
(188, 1, 4, 972935963, '145.jpg', 'NGỘP BANK (', 'Bùi Quang Là, Phường 12', 6, 45, 60, 130, 2, '2022-02', '+ Bán Nhà Hẻm Xe Tải Tống Văn Trân, Phường 5, Quận 11, 70m2, 9 TỶ HẠ CÒN 6.3 TỶ, RẺ BẤT NGỜ, 4 Phòng\r\n\r\n------------------------------------\r\n\r\n+ Chủ Kẹt tiền cần bán gấp 6.3 tỷ thương lượng.\r\n\r\n+ Liên hệ Mr Đồng – Bất động sản. Xem và tư vấn MIỄN PHÍ, gặp CHÍNH CHỦ thương lượng giá, CAM KẾT KHÔNG KÊ GIÁ dưới mọi hình thức.\r\n\r\n* Miễn môi giới, trung gian, báo mạng.', 16),
(189, 1, 4, 913756723, '146.jpg', 'cần 200tr s', 'Tống Văn Trân, Phường 5', 8, 45, 60, 130, 2, '2022-03', 'Bán biệt thự đơn lập Verosa Park Khang Điền Quận 9 (TP. Thủ Đức) ***\r\n- Diện tích đất: 528m², ngang 20x26.\r\n- Xây 1 trệt 2 lầu, dtxd 485m².\r\n- Thiết kế mẫu được: 2 phòng khách, 1 phòng bếp, 5PN 6WC, 1 phòng thờ - phòng làm việc - phòng thư giãn - 4 sân vườn bao quanh nhà.\r\n- Pháp lý: Đã có sổ, công chứng sang tên ngay.\r\n- Hiện trạng: Hoàn thiện mặt ngoài, thô bên trong.\r\n- Tiện ích: Hồ bơi, gym, công viên đã hiện hữu và cư dân đang bắt đầu về ở.', 16),
(190, 1, 4, 373475903, '147.jpg', 'Bán gấp 2 c', 'Liên Phường, Phường Phú Hữu', 4, 45, 60, 130, 2, '2022-04', 'Bán Nhà 2.5 Tầng nằm tổ 2 thanh lãm. Phường phú lãm hà đông\r\nDiện tích 37m2\r\nNgõ rộng 2m. Cách đường ô tô 80m\r\nVị trí nằm ngõ 9 thanh lãm. Gần trường mầm non. Cấp 1 2', 16);
INSERT INTO `tbl_information` (`information_code`, `business_code`, `category_code`, `phone_number`, `picture`, `title`, `address`, `price`, `acreage`, `width`, `length`, `room`, `date_time`, `description`, `area_code`) VALUES
(191, 1, 4, 768614693, '148.jpg', 'Nhà cần bán', 'Đường Số 22', 4, 45, 60, 130, 2, '2022-05', '- Vị trí mặt phố ô tô tránh, ngay sát hồ Bồ Đề và chợ dân sinh, khu vực dân cư đông đúc, kinh doanh sầm uất.\r\n- Trường cấp 1,2 cách nhà 200m, trong bán kính 500m là bệnh viện Tâm Anh, Trường QT Wellsprings, công an Phường\r\n- Nhà chủ tự xây ở nên rất chắc chắn, dù ở được chục năm nhưng vẫn mới, bên cạnh nhà có khe thoáng 50cm, do vậy phòng nào cũng thoáng sáng. Nhà phù hợp vừa ở vừa kinh doanh.\r\n- Diện tích nhà 40 m2, mặt tiền 7m, nhà xây 4 tầng đầy đủ công năng.\r\n- Thiết kế:\r\n+ Tầng 1: Thông sàn', 16),
(192, 1, 4, 937930354, '149.jpg', '12 TỶ/CĂN, ', 'Phố Bồ Đề, Phường Bồ Đề', 2, 45, 60, 130, 2, '2022-06', '?12 tỷ căn / TL mạnh trả giá là bán\r\n\r\nBán 2 căn Biệt Thự 2 MT KDC Phú Hồng Thịnh 10, Full nội thất cao cấp, p.Bình An, Tp.Dĩ An\r\n\r\nDT: 111,9m2 thổ cư 100% ( 7,6X16m )\r\nDT sàn thực tế 500m2\r\n\r\nNgay đường Quốc Lộ 1K, BigC GO, Làng Đại Học Quốc Gia Tp.HCM, gần Thủ Đức\r\n\r\nThiết kế: 1 trệt 4 lầu đúc 5 tấm, Gara Ô tô 7 chỗ, 2 phòng khách, nhà ăn, 4 phòng ngủ master có nhà vệ sinh bên trong, 7wc, phòng Karaoke, phòng thờ, phòng giặt, sân thượng, ban công,', 16),
(193, 1, 4, 902514989, '150.jpg', 'Bán biệt th', 'Quốc lộ 1K, Phường Bình An', 4, 45, 60, 130, 2, '2022-07', '-Tôi cần bán căn nhà xây dựng kiên cố,bê tông,cốt thép,làm để ở nên làm bằng tâm huyết của mình nay vì gđ\r\n\r\nchuyển về quê ở phụng dưỡng Bố Mẹ lớn tuổi nên cần bán.\r\n\r\n-Nhà tôi xây tháng 2 âm lịch năm nay 2023 vừa tròn 2 tháng,nhà mới 100%,thiết bị gia dụng tôi sử dụng toàn\r\n\r\nhàng tốt,hàng có thương hiệu nên nhìn nhà rất sang trọng và hiện đại.\r\n\r\n-Nhà tôi xây dựng có thiết kế rõ ràng,công năng sử dụng tối ưu,gồm sân xe hơi', 16),
(194, 1, 4, 969255105, '151.jpg', 'NHÀ MỚI 1 T', 'Phường Tân Định, Thị xã Bến Cát', 4, 45, 60, 130, 2, '2022-08', 'Tôi Chính Chủ Bán 2 Căn Nhà liền kề, mới, đẹp, hiện đại, có thang máy, nước nóng Năng lượng mặt trời, nội thất đầy đủ hiện đại ( gia đình chuyển công tác nên muốn bán để chuyển đổi)\r\n- Mặt Tiền: Ngô Quyền, Sơn Trà, Đà Nẵng. Đường rộng 10 làn xe, có thể xây khách sạn, mở quán ăn , xe 50 chỗ đậu thoải mái.\r\n- Gần Trường Học 200m- 600m cấp 1.2.3, gần chợ mai, chợ chiều 600m, gần siêu thị coopmart, vinmart, gần ủy ban . ra bãi biển 900m. Gần Bà Linh ứng, quán Hải Sản Bé Mặn, Eo Biển nổi tiếng . Gần ', 16),
(195, 1, 4, 522452021, '152.jpg', 'BÁN NHÀ 151', '39, Ngô Quyền, Phường Thọ Quang, Quận Sơn Trà', 5, 45, 60, 130, 2, '2022-09', 'Nhà xây hoàn thiện 1 trệt 1 lầu đúc bê tông kiên cố trên diện tích 5 v15 =75 m2 đất ở đô thị (thổ cư).Nhà rất rộng,đẹp,yên tĩnh,an ninh,thoáng mát.bao gồm 2 phòng ngủ riêng,2 phòng khách rộng,2 phòng vệ sinh,bếp,ban công,sân....điện nước riêng biệt.Đường đi 3m.hẻm xe hơi.Tất cả sẵn sàng chi vào là ở.Giấy tờ đầy đủ có sẵn hợp lệ.(không thuộc quy hoạch,không tranh chấp...)Địa chỉ hẻm 470 đường 925 khu vực Thạnh Hưng, phường Thường Thạnh,quận Cái Răng,tp.Cần Thơ. Giá1 tỷ 150 rất phù hợp..Cảm ơn quý', 16),
(196, 1, 4, 904789542, '153.jpg', 'Chính Chủ B', 'Hẻm nhà trọ 470, Đường 925', 4, 45, 60, 130, 2, '2022-10', 'Mô tả:\r\n?Nhà thiết kế 3 tầng đúc BTCT gồm phòng khách, phòng bếp, 3 phòng ngủ, phòng giặc, ban công.\r\n?Vị trí ngay trung tâm gần chợ Tân Định gần mặt tiền, tương lai ra mặt tiền giá trị tăng cao.\r\n?Nhà chính chủ mấy chục năm đến nay.\r\nPhù hợp mua ở, cho thuê, đầu tư, Phụ huynh mua cho con đi học.\r\n?Khu vực rất hiếm nhà bán, chỉ 2 tỷ2 tìm nhà 3 tầng đúc Quận 1 không ra.\r\n?Giấy tờ pháp lý chuẩn, công chứng ngay.', 16),
(197, 1, 4, 939555695, '154.jpg', 'Bán Nhà Mặt', 'Trần Khắc Chân, Phường Tân Định', 8, 45, 60, 130, 2, '2022-11', '2 MẶT HẺM XE TẢI TRƯỚC SAU - CHDV - MB+15 PHÒNG - DÒNG TIỀN THU VỀ HƠN 600TR/NĂM - 151m2 - 4 TẦNG - CHỈ 13 TỶ - BAO ĐẦU TƯ\r\n\r\n- Hẻm nhựa trước nhà 6m thẳng 1 trục, cách mặt tiền 40m, thông tứ tung. Hẻm sau 5m, sạch sẽ, an ninh.\r\n\r\n- Diện tích: 151m2 ngang 4.7m2 nở hậu 10,7m, dài 20m.\r\n\r\n- CHDV: Kết cấu 1 trệt 3 lầu. Gồm mặt bằng dưới, 15 phòng khép kín. Có dòng tiền ổn định 600tr/năm.', 16),
(198, 1, 4, 972935963, '155.jpg', 'Nguyễn Văn ', 'Bùi Quang Là, Phường 12', 2, 45, 60, 130, 2, '2022-12', '+ Bán Nhà Hẻm Xe Tải Tống Văn Trân, Phường 5, Quận 11, 70m2, 9 TỶ HẠ CÒN 6.3 TỶ, RẺ BẤT NGỜ, 4 Phòng\r\n\r\n------------------------------------\r\n\r\n+ Chủ Kẹt tiền cần bán gấp 6.3 tỷ thương lượng.\r\n\r\n+ Liên hệ Mr Đồng – Bất động sản. Xem và tư vấn MIỄN PHÍ, gặp CHÍNH CHỦ thương lượng giá, CAM KẾT KHÔNG KÊ GIÁ dưới mọi hình thức.\r\n\r\n* Miễn môi giới, trung gian, báo mạng.', 16),
(199, 1, 4, 913756723, '156.jpg', 'NGAY ĐẦM SE', 'Tống Văn Trân, Phường 5', 4, 45, 60, 130, 2, '2022-01', 'Bán biệt thự đơn lập Verosa Park Khang Điền Quận 9 (TP. Thủ Đức) ***\r\n- Diện tích đất: 528m², ngang 20x26.\r\n- Xây 1 trệt 2 lầu, dtxd 485m².\r\n- Thiết kế mẫu được: 2 phòng khách, 1 phòng bếp, 5PN 6WC, 1 phòng thờ - phòng làm việc - phòng thư giãn - 4 sân vườn bao quanh nhà.\r\n- Pháp lý: Đã có sổ, công chứng sang tên ngay.\r\n- Hiện trạng: Hoàn thiện mặt ngoài, thô bên trong.\r\n- Tiện ích: Hồ bơi, gym, công viên đã hiện hữu và cư dân đang bắt đầu về ở.', 17),
(200, 1, 4, 373475903, '157.jpg', '?BÁN NHÀ HX', 'Liên Phường, Phường Phú Hữu', 14, 45, 60, 130, 2, '2022-02', 'Bán Nhà 2.5 Tầng nằm tổ 2 thanh lãm. Phường phú lãm hà đông\r\nDiện tích 37m2\r\nNgõ rộng 2m. Cách đường ô tô 80m\r\nVị trí nằm ngõ 9 thanh lãm. Gần trường mầm non. Cấp 1 2', 17),
(204, 2, 1, 373475903, '201.jpg', 'Cho thuê nhà Phạm Ngũ Lão', 'Phạm Ngũ Lão, Quận 1', 1, 100, 10, 10, 2, '2022-03', 'Liên hệ hoặc nhắn tin trực tiếp để biết thêm chi tiết. Thương lượng với mức giá hấp dẫn. 100 mét vuông đầy đủ tiện nghi.', 17),
(205, 2, 1, 373475903, '202.jpg', 'Cho thuê nhà Phạm Ngũ Lão', 'Phạm Ngũ Lão, Quận 1', 1, 100, 10, 10, 2, '2022-04', 'Liên hệ hoặc nhắn tin trực tiếp để biết thêm chi tiết. Thương lượng với mức giá hấp dẫn. 100 mét vuông đầy đủ tiện nghi.', 17),
(206, 2, 1, 373475903, '203.jpg', 'Cho thuê nhà Phạm Ngũ Lão', 'Phạm Ngũ Lão, Quận 1', 1, 100, 10, 10, 2, '2022-05', 'Liên hệ hoặc nhắn tin trực tiếp để biết thêm chi tiết. Thương lượng với mức giá hấp dẫn. 100 mét vuông đầy đủ tiện nghi.', 17),
(207, 2, 1, 373475903, '206.jpg', 'Cho thuê nhà Phạm Ngũ Lão', 'Phạm Ngũ Lão, Quận 1', 1, 100, 10, 10, 2, '2022-06', 'Liên hệ hoặc nhắn tin trực tiếp để biết thêm chi tiết. Thương lượng với mức giá hấp dẫn. 100 mét vuông đầy đủ tiện nghi.', 17),
(208, 2, 1, 373475903, '205.jpg', 'Cho thuê nhà Phạm Ngũ Lão', 'Phạm Ngũ Lão, Quận 1', 1, 100, 10, 10, 2, '2022-07', 'Liên hệ hoặc nhắn tin trực tiếp để biết thêm chi tiết. Thương lượng với mức giá hấp dẫn. 100 mét vuông đầy đủ tiện nghi.', 17),
(209, 2, 1, 373475903, '204.jpg', 'Cho thuê nhà Phạm Ngũ Lão', 'Phạm Ngũ Lão, Quận 1', 1, 100, 10, 10, 2, '2022-08', 'Liên hệ hoặc nhắn tin trực tiếp để biết thêm chi tiết. Thương lượng với mức giá hấp dẫn. 100 mét vuông đầy đủ tiện nghi.', 17),
(210, 2, 1, 373475903, '207.jpg', 'Cho thuê nhà Phạm Ngũ Lão', 'Phạm Ngũ Lão, Quận 1', 1, 100, 10, 10, 2, '2022-09', 'Liên hệ hoặc nhắn tin trực tiếp để biết thêm chi tiết. Thương lượng với mức giá hấp dẫn. 100 mét vuông đầy đủ tiện nghi.', 17),
(211, 2, 1, 373475903, '208.jpg', 'Cho thuê nhà Phạm Ngũ Lão', 'Phạm Ngũ Lão, Quận 1', 1, 100, 10, 10, 2, '2022-10', 'Liên hệ hoặc nhắn tin trực tiếp để biết thêm chi tiết. Thương lượng với mức giá hấp dẫn. 100 mét vuông đầy đủ tiện nghi.', 17),
(212, 2, 1, 373475903, '209.jpg', 'Cho thuê nhà Phạm Ngũ Lão', 'Phạm Ngũ Lão, Quận 1', 1, 100, 10, 10, 2, '2022-11', 'Liên hệ hoặc nhắn tin trực tiếp để biết thêm chi tiết. Thương lượng với mức giá hấp dẫn. 100 mét vuông đầy đủ tiện nghi.', 17),
(213, 2, 1, 373475903, '210.jpg', 'Cho thuê nhà Phạm Ngũ Lão', 'Phạm Ngũ Lão, Quận 1', 1, 100, 10, 10, 2, '2022-12', 'Liên hệ hoặc nhắn tin trực tiếp để biết thêm chi tiết. Thương lượng với mức giá hấp dẫn. 100 mét vuông đầy đủ tiện nghi.', 17),
(214, 2, 1, 522452021, '211.jpg', 'Cho thuê nhà Thảo Điền', 'Sala, Quận 2', 2, 150, 15, 10, 3, '2022-01', 'Liên hệ hoặc nhắn tin trực tiếp để biết thêm chi tiết. Thương lượng với mức giá hấp dẫn. 150 mét vuông đầy đủ tiện nghi.', 18),
(215, 2, 1, 522452021, '212.jpg', 'Cho thuê nhà Thảo Điền', 'Sala, Quận 2', 2, 150, 15, 10, 3, '2022-02', 'Liên hệ hoặc nhắn tin trực tiếp để biết thêm chi tiết. Thương lượng với mức giá hấp dẫn. 150 mét vuông đầy đủ tiện nghi.', 18),
(216, 2, 1, 522452021, '213.jpg', 'Cho thuê nhà Thảo Điền', 'Sala, Quận 2', 2, 150, 15, 10, 3, '2022-03', 'Liên hệ hoặc nhắn tin trực tiếp để biết thêm chi tiết. Thương lượng với mức giá hấp dẫn. 150 mét vuông đầy đủ tiện nghi.', 18),
(217, 2, 1, 522452021, '214.jpg', 'Cho thuê nhà Thảo Điền', 'Sala, Quận 2', 2, 150, 15, 10, 3, '2022-04', 'Liên hệ hoặc nhắn tin trực tiếp để biết thêm chi tiết. Thương lượng với mức giá hấp dẫn. 150 mét vuông đầy đủ tiện nghi.', 18),
(218, 2, 1, 522452021, '215.jpg', 'Cho thuê nhà Thảo Điền', 'Sala, Quận 2', 2, 150, 15, 10, 3, '2022-05', 'Liên hệ hoặc nhắn tin trực tiếp để biết thêm chi tiết. Thương lượng với mức giá hấp dẫn. 150 mét vuông đầy đủ tiện nghi.', 18),
(219, 2, 1, 522452021, '216.jpg', 'Cho thuê nhà Thảo Điền', 'Sala, Quận 2', 2, 150, 15, 10, 3, '2022-06', 'Liên hệ hoặc nhắn tin trực tiếp để biết thêm chi tiết. Thương lượng với mức giá hấp dẫn. 150 mét vuông đầy đủ tiện nghi.', 18),
(220, 2, 1, 522452021, '217.jpg', 'Cho thuê nhà Thảo Điền', 'Sala, Quận 2', 2, 150, 15, 10, 3, '2022-07', 'Liên hệ hoặc nhắn tin trực tiếp để biết thêm chi tiết. Thương lượng với mức giá hấp dẫn. 150 mét vuông đầy đủ tiện nghi.', 18),
(221, 2, 1, 522452021, '218.jpg', 'Cho thuê nhà Thảo Điền', 'Sala, Quận 2', 2, 150, 15, 10, 3, '2022-08', 'Liên hệ hoặc nhắn tin trực tiếp để biết thêm chi tiết. Thương lượng với mức giá hấp dẫn. 150 mét vuông đầy đủ tiện nghi.', 18),
(222, 2, 1, 522452021, '219.jpg', 'Cho thuê nhà Thảo Điền', 'Sala, Quận 2', 2, 150, 15, 10, 3, '2022-09', 'Liên hệ hoặc nhắn tin trực tiếp để biết thêm chi tiết. Thương lượng với mức giá hấp dẫn. 150 mét vuông đầy đủ tiện nghi.', 18),
(223, 2, 1, 522452021, '220.jpg', 'Cho thuê nhà Thảo Điền', 'Sala, Quận 2', 2, 150, 15, 10, 3, '2022-10', 'Liên hệ hoặc nhắn tin trực tiếp để biết thêm chi tiết. Thương lượng với mức giá hấp dẫn. 150 mét vuông đầy đủ tiện nghi.', 18),
(224, 2, 1, 768614693, '221.jpg', 'Cho thuê nhà Huỳnh Tịnh Của', 'Quận 3', 1, 100, 10, 10, 1, '2022-11', 'Gần cầu, đường Hoàng Sa Trường Sa. Liên hệ hoặc nhắn tin trực tiếp để biết thêm chi tiết. Thương lượng với mức giá hấp dẫn. Thuê mở nhà hàng.', 18),
(225, 2, 1, 768614693, '222.jpg', 'Cho thuê nhà Huỳnh Tịnh Của', 'Quận 3', 1, 100, 10, 10, 1, '2022-12', 'Gần cầu, đường Hoàng Sa Trường Sa. Liên hệ hoặc nhắn tin trực tiếp để biết thêm chi tiết. Thương lượng với mức giá hấp dẫn. Thuê mở nhà hàng.', 18),
(226, 2, 1, 768614693, '223.jpg', 'Cho thuê nhà Huỳnh Tịnh Của', 'Quận 3', 1, 100, 10, 10, 1, '2022-01', 'Gần cầu, đường Hoàng Sa Trường Sa. Liên hệ hoặc nhắn tin trực tiếp để biết thêm chi tiết. Thương lượng với mức giá hấp dẫn. Thuê mở nhà hàng.', 19),
(227, 2, 1, 768614693, '224.jpg', 'Cho thuê nhà Huỳnh Tịnh Của', 'Quận 3', 1, 100, 10, 10, 1, '2022-02', 'Gần cầu, đường Hoàng Sa Trường Sa. Liên hệ hoặc nhắn tin trực tiếp để biết thêm chi tiết. Thương lượng với mức giá hấp dẫn. Thuê mở nhà hàng.', 19),
(228, 2, 1, 768614693, '225.jpg', 'Cho thuê nhà Huỳnh Tịnh Của', 'Quận 3', 1, 100, 10, 10, 1, '2022-03', 'Gần cầu, đường Hoàng Sa Trường Sa. Liên hệ hoặc nhắn tin trực tiếp để biết thêm chi tiết. Thương lượng với mức giá hấp dẫn. Thuê mở nhà hàng.', 19),
(229, 2, 1, 768614693, '226.jpg', 'Cho thuê nhà Huỳnh Tịnh Của', 'Quận 3', 1, 100, 10, 10, 1, '2022-04', 'Gần cầu, đường Hoàng Sa Trường Sa. Liên hệ hoặc nhắn tin trực tiếp để biết thêm chi tiết. Thương lượng với mức giá hấp dẫn. Thuê mở nhà hàng.', 19),
(230, 2, 1, 768614693, '227.jpg', 'Cho thuê nhà Huỳnh Tịnh Của', 'Quận 3', 1, 100, 10, 10, 1, '2022-05', 'Gần cầu, đường Hoàng Sa Trường Sa. Liên hệ hoặc nhắn tin trực tiếp để biết thêm chi tiết. Thương lượng với mức giá hấp dẫn. Thuê mở nhà hàng.', 19),
(231, 2, 1, 768614693, '228.jpg', 'Cho thuê nhà Huỳnh Tịnh Của', 'Quận 3', 1, 100, 10, 10, 1, '2022-06', 'Gần cầu, đường Hoàng Sa Trường Sa. Liên hệ hoặc nhắn tin trực tiếp để biết thêm chi tiết. Thương lượng với mức giá hấp dẫn. Thuê mở nhà hàng.', 19),
(232, 2, 1, 768614693, '229.jpg', 'Cho thuê nhà Huỳnh Tịnh Của', 'Quận 3', 1, 100, 10, 10, 1, '2022-07', 'Gần cầu, đường Hoàng Sa Trường Sa. Liên hệ hoặc nhắn tin trực tiếp để biết thêm chi tiết. Thương lượng với mức giá hấp dẫn. Thuê mở nhà hàng.', 19),
(233, 2, 1, 768614693, '230.jpg', 'Cho thuê nhà Huỳnh Tịnh Của', 'Quận 3', 1, 100, 10, 10, 1, '2022-08', 'Gần cầu, đường Hoàng Sa Trường Sa. Liên hệ hoặc nhắn tin trực tiếp để biết thêm chi tiết. Thương lượng với mức giá hấp dẫn. Thuê mở nhà hàng.', 19),
(276, 2, 2, 902514989, '231.jpg', 'Cho thuê nhà Huỳnh Tịnh Của', 'Quận 3', 1, 100, 10, 10, 1, '2022-09', 'Gần cầu, đường Hoàng Sa Trường Sa. Liên hệ hoặc nhắn tin trực tiếp để biết thêm chi tiết. Thương lượng với mức giá hấp dẫn. Thuê mở nhà hàng.', 19),
(277, 2, 2, 902514989, '232.jpg', 'Cho thuê nhà Huỳnh Tịnh Của', 'Quận 3', 1, 100, 10, 10, 1, '2022-10', 'Gần cầu, đường Hoàng Sa Trường Sa. Liên hệ hoặc nhắn tin trực tiếp để biết thêm chi tiết. Thương lượng với mức giá hấp dẫn. Thuê mở nhà hàng.', 19),
(278, 2, 2, 902514989, '233.jpg', 'Cho thuê nhà Huỳnh Tịnh Của', 'Quận 3', 1, 100, 10, 10, 1, '2022-11', 'Gần cầu, đường Hoàng Sa Trường Sa. Liên hệ hoặc nhắn tin trực tiếp để biết thêm chi tiết. Thương lượng với mức giá hấp dẫn. Thuê mở nhà hàng.', 19),
(279, 2, 2, 902514989, '234.jpg', 'Cho thuê nhà Huỳnh Tịnh Của', 'Quận 3', 1, 100, 10, 10, 1, '2022-12', 'Gần cầu, đường Hoàng Sa Trường Sa. Liên hệ hoặc nhắn tin trực tiếp để biết thêm chi tiết. Thương lượng với mức giá hấp dẫn. Thuê mở nhà hàng.', 19),
(280, 2, 2, 902514989, '235.jpg', 'Cho thuê nhà Huỳnh Tịnh Của', 'Quận 3', 1, 100, 10, 10, 1, '2022-01', 'Gần cầu, đường Hoàng Sa Trường Sa. Liên hệ hoặc nhắn tin trực tiếp để biết thêm chi tiết. Thương lượng với mức giá hấp dẫn. Thuê mở nhà hàng.', 20),
(281, 2, 2, 902514989, '236.jpg', 'Cho thuê nhà Huỳnh Tịnh Của', 'Quận 3', 1, 100, 10, 10, 1, '2022-02', 'Gần cầu, đường Hoàng Sa Trường Sa. Liên hệ hoặc nhắn tin trực tiếp để biết thêm chi tiết. Thương lượng với mức giá hấp dẫn. Thuê mở nhà hàng.', 20),
(282, 2, 2, 902514989, '237.jpg', 'Cho thuê nhà Huỳnh Tịnh Của', 'Quận 3', 1, 100, 10, 10, 1, '2022-03', 'Gần cầu, đường Hoàng Sa Trường Sa. Liên hệ hoặc nhắn tin trực tiếp để biết thêm chi tiết. Thương lượng với mức giá hấp dẫn. Thuê mở nhà hàng.', 20),
(283, 2, 2, 902514989, '238.jpg', 'Cho thuê nhà Huỳnh Tịnh Của', 'Quận 3', 1, 100, 10, 10, 1, '2022-04', 'Gần cầu, đường Hoàng Sa Trường Sa. Liên hệ hoặc nhắn tin trực tiếp để biết thêm chi tiết. Thương lượng với mức giá hấp dẫn. Thuê mở nhà hàng.', 20),
(284, 2, 2, 902514989, '239.jpg', 'Cho thuê nhà Huỳnh Tịnh Của', 'Quận 3', 1, 100, 10, 10, 1, '2022-05', 'Gần cầu, đường Hoàng Sa Trường Sa. Liên hệ hoặc nhắn tin trực tiếp để biết thêm chi tiết. Thương lượng với mức giá hấp dẫn. Thuê mở nhà hàng.', 20),
(285, 2, 2, 902514989, '240.jpg', 'Cho thuê nhà Huỳnh Tịnh Của', 'Quận 3', 1, 100, 10, 10, 1, '2022-06', 'Gần cầu, đường Hoàng Sa Trường Sa. Liên hệ hoặc nhắn tin trực tiếp để biết thêm chi tiết. Thương lượng với mức giá hấp dẫn. Thuê mở nhà hàng.', 20),
(286, 2, 2, 904789542, '241.jpg', 'Cho thuê nhà Thảo Điền', 'Sala, Quận 2', 2, 150, 15, 10, 3, '2022-07', 'Liên hệ hoặc nhắn tin trực tiếp để biết thêm chi tiết. Thương lượng với mức giá hấp dẫn. 150 mét vuông đầy đủ tiện nghi.', 20),
(287, 2, 2, 904789542, '242.jpg', 'Cho thuê nhà Thảo Điền', 'Sala, Quận 2', 2, 150, 15, 10, 3, '2022-08', 'Liên hệ hoặc nhắn tin trực tiếp để biết thêm chi tiết. Thương lượng với mức giá hấp dẫn. 150 mét vuông đầy đủ tiện nghi.', 20),
(288, 2, 2, 904789542, '243.jpg', 'Cho thuê nhà Thảo Điền', 'Sala, Quận 2', 2, 150, 15, 10, 3, '2022-09', 'Liên hệ hoặc nhắn tin trực tiếp để biết thêm chi tiết. Thương lượng với mức giá hấp dẫn. 150 mét vuông đầy đủ tiện nghi.', 20),
(289, 2, 2, 904789542, '244.jpg', 'Cho thuê nhà Thảo Điền', 'Sala, Quận 2', 2, 150, 15, 10, 3, '2022-10', 'Liên hệ hoặc nhắn tin trực tiếp để biết thêm chi tiết. Thương lượng với mức giá hấp dẫn. 150 mét vuông đầy đủ tiện nghi.', 20),
(290, 2, 2, 902514989, '231.jpg', 'Cho thuê nhà Huỳnh Tịnh Của', 'Quận 3', 1, 100, 10, 10, 1, '2022-11', 'Gần cầu, đường Hoàng Sa Trường Sa. Liên hệ hoặc nhắn tin trực tiếp để biết thêm chi tiết. Thương lượng với mức giá hấp dẫn. Thuê mở nhà hàng.', 20),
(291, 2, 2, 902514989, '232.jpg', 'Cho thuê nhà Huỳnh Tịnh Của', 'Quận 3', 1, 100, 10, 10, 1, '2022-12', 'Gần cầu, đường Hoàng Sa Trường Sa. Liên hệ hoặc nhắn tin trực tiếp để biết thêm chi tiết. Thương lượng với mức giá hấp dẫn. Thuê mở nhà hàng.', 20),
(292, 2, 2, 902514989, '233.jpg', 'Cho thuê nhà Huỳnh Tịnh Của', 'Quận 3', 1, 100, 10, 10, 1, '2022-01', 'Gần cầu, đường Hoàng Sa Trường Sa. Liên hệ hoặc nhắn tin trực tiếp để biết thêm chi tiết. Thương lượng với mức giá hấp dẫn. Thuê mở nhà hàng.', 21),
(293, 2, 2, 902514989, '234.jpg', 'Cho thuê nhà Huỳnh Tịnh Của', 'Quận 3', 1, 100, 10, 10, 1, '2022-02', 'Gần cầu, đường Hoàng Sa Trường Sa. Liên hệ hoặc nhắn tin trực tiếp để biết thêm chi tiết. Thương lượng với mức giá hấp dẫn. Thuê mở nhà hàng.', 21),
(294, 2, 2, 902514989, '235.jpg', 'Cho thuê nhà Huỳnh Tịnh Của', 'Quận 3', 1, 100, 10, 10, 1, '2022-03', 'Gần cầu, đường Hoàng Sa Trường Sa. Liên hệ hoặc nhắn tin trực tiếp để biết thêm chi tiết. Thương lượng với mức giá hấp dẫn. Thuê mở nhà hàng.', 21),
(295, 2, 2, 902514989, '236.jpg', 'Cho thuê nhà Huỳnh Tịnh Của', 'Quận 3', 1, 100, 10, 10, 1, '2022-04', 'Gần cầu, đường Hoàng Sa Trường Sa. Liên hệ hoặc nhắn tin trực tiếp để biết thêm chi tiết. Thương lượng với mức giá hấp dẫn. Thuê mở nhà hàng.', 21),
(296, 2, 2, 902514989, '237.jpg', 'Cho thuê nhà Huỳnh Tịnh Của', 'Quận 3', 1, 100, 10, 10, 1, '2022-05', 'Gần cầu, đường Hoàng Sa Trường Sa. Liên hệ hoặc nhắn tin trực tiếp để biết thêm chi tiết. Thương lượng với mức giá hấp dẫn. Thuê mở nhà hàng.', 21),
(297, 2, 2, 902514989, '238.jpg', 'Cho thuê nhà Huỳnh Tịnh Của', 'Quận 3', 1, 100, 10, 10, 1, '2022-06', 'Gần cầu, đường Hoàng Sa Trường Sa. Liên hệ hoặc nhắn tin trực tiếp để biết thêm chi tiết. Thương lượng với mức giá hấp dẫn. Thuê mở nhà hàng.', 21),
(298, 2, 2, 902514989, '239.jpg', 'Cho thuê nhà Huỳnh Tịnh Của', 'Quận 3', 1, 100, 10, 10, 1, '2022-07', 'Gần cầu, đường Hoàng Sa Trường Sa. Liên hệ hoặc nhắn tin trực tiếp để biết thêm chi tiết. Thương lượng với mức giá hấp dẫn. Thuê mở nhà hàng.', 21),
(299, 2, 2, 902514989, '240.jpg', 'Cho thuê nhà Huỳnh Tịnh Của', 'Quận 3', 1, 100, 10, 10, 1, '2022-08', 'Gần cầu, đường Hoàng Sa Trường Sa. Liên hệ hoặc nhắn tin trực tiếp để biết thêm chi tiết. Thương lượng với mức giá hấp dẫn. Thuê mở nhà hàng.', 21),
(300, 2, 2, 904789542, '241.jpg', 'Cho thuê nhà Thảo Điền', 'Sala, Quận 2', 2, 150, 15, 10, 3, '2022-09', 'Liên hệ hoặc nhắn tin trực tiếp để biết thêm chi tiết. Thương lượng với mức giá hấp dẫn. 150 mét vuông đầy đủ tiện nghi.', 21),
(301, 2, 2, 904789542, '242.jpg', 'Cho thuê nhà Thảo Điền', 'Sala, Quận 2', 2, 150, 15, 10, 3, '2022-10', 'Liên hệ hoặc nhắn tin trực tiếp để biết thêm chi tiết. Thương lượng với mức giá hấp dẫn. 150 mét vuông đầy đủ tiện nghi.', 21),
(302, 2, 2, 904789542, '243.jpg', 'Cho thuê nhà Thảo Điền', 'Sala, Quận 2', 2, 150, 15, 10, 3, '2022-11', 'Liên hệ hoặc nhắn tin trực tiếp để biết thêm chi tiết. Thương lượng với mức giá hấp dẫn. 150 mét vuông đầy đủ tiện nghi.', 21),
(303, 2, 2, 904789542, '244.jpg', 'Cho thuê nhà Thảo Điền', 'Sala, Quận 2', 2, 150, 15, 10, 3, '2022-12', 'Liên hệ hoặc nhắn tin trực tiếp để biết thêm chi tiết. Thương lượng với mức giá hấp dẫn. 150 mét vuông đầy đủ tiện nghi.', 21),
(360, 2, 3, 902514989, '258.jpg', 'Cho thuê nhà Huỳnh Tịnh Của', 'Quận 3', 1, 100, 10, 10, 1, '2022-01', 'Gần cầu, đường Hoàng Sa Trường Sa. Liên hệ hoặc nhắn tin trực tiếp để biết thêm chi tiết. Thương lượng với mức giá hấp dẫn. Thuê mở nhà hàng.', 22),
(361, 2, 3, 902514989, '257.jpg', 'Cho thuê nhà Huỳnh Tịnh Của', 'Quận 3', 1, 100, 10, 10, 1, '2022-02', 'Gần cầu, đường Hoàng Sa Trường Sa. Liên hệ hoặc nhắn tin trực tiếp để biết thêm chi tiết. Thương lượng với mức giá hấp dẫn. Thuê mở nhà hàng.', 22),
(362, 2, 3, 902514989, '256.jpg', 'Cho thuê nhà Huỳnh Tịnh Của', 'Quận 3', 1, 100, 10, 10, 1, '2022-03', 'Gần cầu, đường Hoàng Sa Trường Sa. Liên hệ hoặc nhắn tin trực tiếp để biết thêm chi tiết. Thương lượng với mức giá hấp dẫn. Thuê mở nhà hàng.', 22),
(363, 2, 3, 902514989, '255.jpg', 'Cho thuê nhà Huỳnh Tịnh Của', 'Quận 3', 1, 100, 10, 10, 1, '2022-04', 'Gần cầu, đường Hoàng Sa Trường Sa. Liên hệ hoặc nhắn tin trực tiếp để biết thêm chi tiết. Thương lượng với mức giá hấp dẫn. Thuê mở nhà hàng.', 22),
(364, 2, 3, 902514989, '254.jpg', 'Cho thuê nhà Huỳnh Tịnh Của', 'Quận 3', 1, 100, 10, 10, 1, '2022-05', 'Gần cầu, đường Hoàng Sa Trường Sa. Liên hệ hoặc nhắn tin trực tiếp để biết thêm chi tiết. Thương lượng với mức giá hấp dẫn. Thuê mở nhà hàng.', 22),
(365, 2, 3, 902514989, '253.jpg', 'Cho thuê nhà Huỳnh Tịnh Của', 'Quận 3', 1, 100, 10, 10, 1, '2022-06', 'Gần cầu, đường Hoàng Sa Trường Sa. Liên hệ hoặc nhắn tin trực tiếp để biết thêm chi tiết. Thương lượng với mức giá hấp dẫn. Thuê mở nhà hàng.', 22),
(366, 2, 3, 902514989, '252.jpg', 'Cho thuê nhà Huỳnh Tịnh Của', 'Quận 3', 1, 100, 10, 10, 1, '2022-07', 'Gần cầu, đường Hoàng Sa Trường Sa. Liên hệ hoặc nhắn tin trực tiếp để biết thêm chi tiết. Thương lượng với mức giá hấp dẫn. Thuê mở nhà hàng.', 22),
(367, 2, 3, 902514989, '251.jpg', 'Cho thuê nhà Huỳnh Tịnh Của', 'Quận 3', 1, 100, 10, 10, 1, '2022-08', 'Gần cầu, đường Hoàng Sa Trường Sa. Liên hệ hoặc nhắn tin trực tiếp để biết thêm chi tiết. Thương lượng với mức giá hấp dẫn. Thuê mở nhà hàng.', 22),
(368, 2, 3, 902514989, '250.jpg', 'Cho thuê nhà Huỳnh Tịnh Của', 'Quận 3', 1, 100, 10, 10, 1, '2022-09', 'Gần cầu, đường Hoàng Sa Trường Sa. Liên hệ hoặc nhắn tin trực tiếp để biết thêm chi tiết. Thương lượng với mức giá hấp dẫn. Thuê mở nhà hàng.', 22),
(369, 2, 3, 902514989, '249.jpg', 'Cho thuê nhà Huỳnh Tịnh Của', 'Quận 3', 1, 100, 10, 10, 1, '2022-10', 'Gần cầu, đường Hoàng Sa Trường Sa. Liên hệ hoặc nhắn tin trực tiếp để biết thêm chi tiết. Thương lượng với mức giá hấp dẫn. Thuê mở nhà hàng.', 22),
(370, 2, 3, 904789542, '248.jpg', 'Cho thuê nhà Thảo Điền', 'Sala, Quận 2', 2, 150, 15, 10, 3, '2022-11', 'Liên hệ hoặc nhắn tin trực tiếp để biết thêm chi tiết. Thương lượng với mức giá hấp dẫn. 150 mét vuông đầy đủ tiện nghi.', 22),
(371, 2, 3, 904789542, '247.jpg', 'Cho thuê nhà Thảo Điền', 'Sala, Quận 2', 2, 150, 15, 10, 3, '2022-12', 'Liên hệ hoặc nhắn tin trực tiếp để biết thêm chi tiết. Thương lượng với mức giá hấp dẫn. 150 mét vuông đầy đủ tiện nghi.', 22),
(372, 2, 3, 904789542, '246.jpg', 'Cho thuê nhà Thảo Điền', 'Sala, Quận 2', 2, 150, 15, 10, 3, '2022-01', 'Liên hệ hoặc nhắn tin trực tiếp để biết thêm chi tiết. Thương lượng với mức giá hấp dẫn. 150 mét vuông đầy đủ tiện nghi.', 23),
(373, 2, 3, 904789542, '245.jpg', 'Cho thuê nhà Thảo Điền', 'Sala, Quận 2', 2, 150, 15, 10, 3, '2022-02', 'Liên hệ hoặc nhắn tin trực tiếp để biết thêm chi tiết. Thương lượng với mức giá hấp dẫn. 150 mét vuông đầy đủ tiện nghi.', 23),
(416, 2, 3, 904789542, '259.jpg', 'Cho thuê nhà Thảo Điền', 'Sala, Quận 2', 2, 150, 15, 10, 3, '2022-03', 'Liên hệ hoặc nhắn tin trực tiếp để biết thêm chi tiết. Thương lượng với mức giá hấp dẫn. 150 mét vuông đầy đủ tiện nghi.', 23),
(417, 2, 3, 904789542, '260.jpg', 'Cho thuê nhà Thảo Điền', 'Sala, Quận 2', 2, 150, 15, 10, 3, '2022-04', 'Liên hệ hoặc nhắn tin trực tiếp để biết thêm chi tiết. Thương lượng với mức giá hấp dẫn. 150 mét vuông đầy đủ tiện nghi.', 23),
(427, 2, 3, 969255105, '261.jpg', 'Cho thuê mặt bằng kinh doanh lớn', 'Phố đi bộ Nguyễn Huệ', 2, 100, 5, 20, 2, '2022-05', '', 23),
(429, 2, 3, 969255105, '262.jpg', 'Cho thuê mặt bằng kinh doanh lớn', 'Phố đi bộ Nguyễn Huệ', 2, 100, 5, 20, 2, '2022-06', '', 23),
(430, 2, 3, 969255105, '262.jpg', 'Cho thuê mặt bằng kinh doanh lớn', 'Phố đi bộ Nguyễn Huệ', 2, 100, 5, 20, 2, '2022-07', '', 23),
(431, 2, 3, 969255105, '263.jpg', 'Cho thuê mặt bằng kinh doanh lớn', 'Phố đi bộ Nguyễn Huệ', 2, 100, 5, 20, 2, '2022-08', '', 23),
(432, 2, 3, 969255105, '264.jpg', 'Cho thuê mặt bằng kinh doanh lớn', 'Phố đi bộ Nguyễn Huệ', 2, 100, 5, 20, 2, '2022-09', '', 23),
(433, 2, 3, 969255105, '265.jpg', 'Cho thuê mặt bằng kinh doanh lớn', 'Phố đi bộ Nguyễn Huệ', 2, 100, 5, 20, 2, '2022-10', '', 23),
(434, 2, 4, 969255105, '266.jpg', 'Cho thuê mặt bằng kinh doanh lớn', 'Phố đi bộ Nguyễn Huệ', 2, 100, 5, 20, 2, '2022-11', '', 23),
(435, 2, 4, 969255105, '267.jpg', 'Cho thuê mặt bằng kinh doanh lớn', 'Phố đi bộ Nguyễn Huệ', 2, 100, 5, 20, 2, '2022-12', '', 23),
(436, 2, 4, 969255105, '268.jpg', 'Cho thuê mặt bằng kinh doanh lớn', 'Phố đi bộ Nguyễn Huệ', 2, 100, 5, 20, 2, '2022-01', '', 24),
(437, 2, 4, 969255105, '269.jpg', 'Cho thuê mặt bằng kinh doanh lớn', 'Phố đi bộ Nguyễn Huệ', 2, 100, 5, 20, 2, '2022-02', '', 24),
(438, 2, 4, 969255105, '270.jpg', 'Cho thuê mặt bằng kinh doanh lớn', 'Phố đi bộ Nguyễn Huệ', 2, 100, 5, 20, 2, '2022-03', '', 24),
(439, 2, 4, 972935963, '271.jpg', 'Mặt bằng gần trường đại học, kiến trúc sá', 'Trường Đại học Mở TP Hồ Chí Minh', 1, 50, 5, 10, 1, '2022-04', '', 24),
(440, 2, 4, 972935963, '272.jpg', 'Mặt bằng gần trường đại học, kiến trúc sá', 'Trường Đại học Mở TP Hồ Chí Minh', 1, 50, 5, 10, 1, '2022-05', '', 24),
(441, 2, 4, 972935963, '273.jpg', 'Mặt bằng gần trường đại học, kiến trúc sá', 'Trường Đại học Mở TP Hồ Chí Minh', 1, 50, 5, 10, 1, '2022-06', '', 24),
(442, 2, 4, 972935963, '274.jpg', 'Mặt bằng gần trường đại học, kiến trúc sá', 'Trường Đại học Mở TP Hồ Chí Minh', 1, 50, 5, 10, 1, '2022-07', '', 24),
(443, 2, 4, 972935963, '275.jpg', 'Mặt bằng gần trường đại học, kiến trúc sá', 'Trường Đại học Mở TP Hồ Chí Minh', 1, 50, 5, 10, 1, '2022-08', '', 24),
(444, 2, 4, 972935963, '276.jpg', 'Mặt bằng gần trường đại học, kiến trúc sá', 'Trường Đại học Mở TP Hồ Chí Minh', 1, 50, 5, 10, 1, '2022-09', '', 24),
(445, 2, 4, 972935963, '277.jpg', 'Mặt bằng gần trường đại học, kiến trúc sá', 'Trường Đại học Mở TP Hồ Chí Minh', 1, 50, 5, 10, 1, '2022-10', '', 24),
(446, 2, 4, 972935963, '278.jpg', 'Mặt bằng gần trường đại học, kiến trúc sá', 'Trường Đại học Mở TP Hồ Chí Minh', 1, 50, 5, 10, 1, '2022-11', '', 24),
(447, 2, 4, 972935963, '279.jpg', 'Mặt bằng gần trường đại học, kiến trúc sá', 'Trường Đại học Mở TP Hồ Chí Minh', 1, 50, 5, 10, 1, '2022-12', '', 24),
(448, 2, 4, 972935963, '280.jpg', 'Mặt bằng gần trường đại học, kiến trúc sá', 'Trường Đại học Mở TP Hồ Chí Minh', 1, 50, 5, 10, 1, '2022-01', '', 1),
(449, 2, 4, 972935963, '281.jpg', 'Mặt bằng gần trường đại học, kiến trúc sá', 'Trường Đại học Mở TP Hồ Chí Minh', 1, 50, 5, 10, 1, '2022-02', '', 1),
(450, 2, 4, 972935963, '282.jpg', 'Mặt bằng gần trường đại học, kiến trúc sá', 'Trường Đại học Mở TP Hồ Chí Minh', 1, 50, 5, 10, 1, '2022-03', '', 1),
(451, 2, 4, 969255105, '283.jpg', 'Cho thuê mặt bằng kinh doanh lớn', 'Phố đi bộ Nguyễn Huệ', 2, 100, 5, 20, 2, '2022-04', '', 1),
(452, 2, 4, 969255105, '284.jpg', 'Cho thuê mặt bằng kinh doanh lớn', 'Phố đi bộ Nguyễn Huệ', 2, 100, 5, 20, 2, '2022-05', '', 1),
(453, 2, 4, 902514989, '285.jpg', 'Cho thuê nhà Huỳnh Tịnh Của', 'Quận 3', 1, 100, 10, 10, 1, '2022-06', 'Gần cầu, đường Hoàng Sa Trường Sa. Liên hệ hoặc nhắn tin trực tiếp để biết thêm chi tiết. Thương lượng với mức giá hấp dẫn. Thuê mở nhà hàng.', 1),
(454, 2, 4, 902514989, '286.jpg', 'Cho thuê nhà Huỳnh Tịnh Của', 'Quận 3', 1, 100, 10, 10, 1, '2022-07', 'Gần cầu, đường Hoàng Sa Trường Sa. Liên hệ hoặc nhắn tin trực tiếp để biết thêm chi tiết. Thương lượng với mức giá hấp dẫn. Thuê mở nhà hàng.', 1),
(455, 2, 4, 904789542, '287.jpg', 'Cho thuê nhà Thảo Điền', 'Sala, Quận 2', 2, 150, 15, 10, 3, '2022-08', 'Liên hệ hoặc nhắn tin trực tiếp để biết thêm chi tiết. Thương lượng với mức giá hấp dẫn. 150 mét vuông đầy đủ tiện nghi.', 1),
(456, 2, 4, 904789542, '288.jpg', 'Cho thuê nhà Thảo Điền', 'Sala, Quận 2', 2, 150, 15, 10, 3, '2022-09', 'Liên hệ hoặc nhắn tin trực tiếp để biết thêm chi tiết. Thương lượng với mức giá hấp dẫn. 150 mét vuông đầy đủ tiện nghi.', 1),
(457, 2, 4, 373475903, '289.jpg', 'Cho thuê nhà Phạm Ngũ Lão', 'Phạm Ngũ Lão, Quận 1', 1, 100, 10, 10, 2, '2022-10', 'Liên hệ hoặc nhắn tin trực tiếp để biết thêm chi tiết. Thương lượng với mức giá hấp dẫn. 100 mét vuông đầy đủ tiện nghi.', 1),
(458, 2, 4, 373475903, '290.jpg', 'Cho thuê nhà Phạm Ngũ Lão', 'Phạm Ngũ Lão, Quận 1', 1, 100, 10, 10, 2, '2022-11', 'Liên hệ hoặc nhắn tin trực tiếp để biết thêm chi tiết. Thương lượng với mức giá hấp dẫn. 100 mét vuông đầy đủ tiện nghi.', 1),
(460, 2, 4, 939555695, '291.jpg', 'Kinh doanh nhà hàng, cà phê liên hệ', 'TP Hồ Chí Minh', 1, 80, 8, 10, 1, '2022-12', '', 1),
(461, 2, 4, 939555695, '292.jpg', 'Kinh doanh nhà hàng, cà phê liên hệ', 'TP Hồ Chí Minh', 1, 80, 8, 10, 1, '2022-01', '', 2),
(462, 2, 4, 939555695, '293.jpg', 'Kinh doanh nhà hàng, cà phê liên hệ', 'TP Hồ Chí Minh', 1, 80, 8, 10, 1, '2022-02', '', 2),
(463, 2, 4, 939555695, '299.jpg', 'Kinh doanh nhà hàng, cà phê liên hệ', 'TP Hồ Chí Minh', 1, 80, 8, 10, 1, '2022-03', '939555695', 2),
(464, 2, 4, 939555695, '300.jpg', 'Kinh doanh nhà hàng, cà phê liên hệ', 'TP Hồ Chí Minh', 1, 80, 8, 10, 1, '2022-04', '939555695', 2);

-- --------------------------------------------------------

--
-- Cấu trúc bảng cho bảng `tbl_message`
--

CREATE TABLE `tbl_message` (
  `incoming_msg_id` int(11) NOT NULL,
  `outgoing_msg_id` int(11) NOT NULL,
  `msg` varchar(1000) NOT NULL,
  `message_id` int(11) NOT NULL
) ENGINE=InnoDB DEFAULT CHARSET=utf8mb4 COLLATE=utf8mb4_general_ci;

--
-- Đang đổ dữ liệu cho bảng `tbl_message`
--

INSERT INTO `tbl_message` (`incoming_msg_id`, `outgoing_msg_id`, `msg`, `message_id`) VALUES
(83836, 44857, 'ym', 21);

--
-- Chỉ mục cho các bảng đã đổ
--

--
-- Chỉ mục cho bảng `tbl_account`
--
ALTER TABLE `tbl_account`
  ADD PRIMARY KEY (`phone_number`);

--
-- Chỉ mục cho bảng `tbl_admin`
--
ALTER TABLE `tbl_admin`
  ADD PRIMARY KEY (`admin_id`);

--
-- Chỉ mục cho bảng `tbl_area`
--
ALTER TABLE `tbl_area`
  ADD PRIMARY KEY (`area_code`);

--
-- Chỉ mục cho bảng `tbl_business`
--
ALTER TABLE `tbl_business`
  ADD PRIMARY KEY (`business_code`);

--
-- Chỉ mục cho bảng `tbl_category`
--
ALTER TABLE `tbl_category`
  ADD PRIMARY KEY (`category_code`);

--
-- Chỉ mục cho bảng `tbl_favorite`
--
ALTER TABLE `tbl_favorite`
  ADD PRIMARY KEY (`favorite_code`);

--
-- Chỉ mục cho bảng `tbl_information`
--
ALTER TABLE `tbl_information`
  ADD PRIMARY KEY (`information_code`),
  ADD KEY `FK_category_code` (`category_code`),
  ADD KEY `FK_business_code` (`business_code`),
  ADD KEY `FK_area_code` (`area_code`),
  ADD KEY `FK_phone_number` (`phone_number`);

--
-- Chỉ mục cho bảng `tbl_message`
--
ALTER TABLE `tbl_message`
  ADD PRIMARY KEY (`message_id`);

--
-- AUTO_INCREMENT cho các bảng đã đổ
--

--
-- AUTO_INCREMENT cho bảng `tbl_admin`
--
ALTER TABLE `tbl_admin`
  MODIFY `admin_id` int(11) NOT NULL AUTO_INCREMENT, AUTO_INCREMENT=2;

--
-- AUTO_INCREMENT cho bảng `tbl_area`
--
ALTER TABLE `tbl_area`
  MODIFY `area_code` int(11) NOT NULL AUTO_INCREMENT, AUTO_INCREMENT=25;

--
-- AUTO_INCREMENT cho bảng `tbl_business`
--
ALTER TABLE `tbl_business`
  MODIFY `business_code` int(11) NOT NULL AUTO_INCREMENT, AUTO_INCREMENT=3;

--
-- AUTO_INCREMENT cho bảng `tbl_category`
--
ALTER TABLE `tbl_category`
  MODIFY `category_code` int(11) NOT NULL AUTO_INCREMENT, AUTO_INCREMENT=5;

--
-- AUTO_INCREMENT cho bảng `tbl_favorite`
--
ALTER TABLE `tbl_favorite`
  MODIFY `favorite_code` int(11) NOT NULL AUTO_INCREMENT, AUTO_INCREMENT=3;

--
-- AUTO_INCREMENT cho bảng `tbl_information`
--
ALTER TABLE `tbl_information`
  MODIFY `information_code` int(11) NOT NULL AUTO_INCREMENT, AUTO_INCREMENT=465;

--
-- AUTO_INCREMENT cho bảng `tbl_message`
--
ALTER TABLE `tbl_message`
  MODIFY `message_id` int(11) NOT NULL AUTO_INCREMENT, AUTO_INCREMENT=22;

--
-- Các ràng buộc cho các bảng đã đổ
--

--
-- Các ràng buộc cho bảng `tbl_information`
--
ALTER TABLE `tbl_information`
  ADD CONSTRAINT `FK_area_code` FOREIGN KEY (`area_code`) REFERENCES `tbl_area` (`area_code`),
  ADD CONSTRAINT `FK_business_code` FOREIGN KEY (`business_code`) REFERENCES `tbl_business` (`business_code`),
  ADD CONSTRAINT `FK_category_code` FOREIGN KEY (`category_code`) REFERENCES `tbl_category` (`category_code`);
COMMIT;

/*!40101 SET CHARACTER_SET_CLIENT=@OLD_CHARACTER_SET_CLIENT */;
/*!40101 SET CHARACTER_SET_RESULTS=@OLD_CHARACTER_SET_RESULTS */;
/*!40101 SET COLLATION_CONNECTION=@OLD_COLLATION_CONNECTION */;
